"num_item_id","definition","type","category","18","19","20","21","22","23","24","25","26","27","28","29","30","31","32","33","34","35","36"
1,"а-а-а","word","sounds",0.69,0.59,0.49,0.63,0.37,0.41,0.34,0.27,0.37,0.18,0.15,0.12,0.16,0.1,0.11,0.07,0.07,0.02,0.08
2,"ав","word","sounds",0.86,0.9,0.71,0.72,0.55,0.54,0.51,0.45,0.5,0.4,0.27,0.22,0.25,0.11,0.18,0.11,0.12,0.04,0.12
3,"алё","word","sounds",0.52,0.66,0.6,0.51,0.43,0.46,0.36,0.5,0.5,0.42,0.2,0.26,0.23,0.18,0.18,0.13,0.14,0.06,0.1
4,"ам-ам/ням-ням","word","sounds",0.69,0.83,0.62,0.65,0.57,0.5,0.48,0.35,0.48,0.35,0.15,0.19,0.22,0.13,0.2,0.09,0.1,0.04,0.1
5,"бе","word","sounds",0.36,0.37,0.58,0.33,0.25,0.36,0.33,0.35,0.33,0.28,0.23,0.21,0.17,0.11,0.22,0.05,0.07,0.04,0.06
6,"биби","word","sounds",0.62,0.61,0.58,0.47,0.47,0.57,0.36,0.33,0.38,0.35,0.18,0.22,0.19,0.11,0.22,0.09,0.09,0.02,0.12
7,"бл-бл","word","sounds",0.02,0.07,0.04,0.09,0.04,0.04,0,0.05,0.02,0.05,0.03,0.03,0.03,0,0.09,0,0,0,0
8,"брр/ввв и т.п.","word","sounds",0.57,0.61,0.53,0.53,0.27,0.21,0.28,0.23,0.29,0.2,0.05,0.1,0.13,0.07,0.16,0.09,0.03,0,0.08
9,"бух/бах/бам","word","sounds",0.79,0.88,0.64,0.67,0.57,0.48,0.46,0.39,0.5,0.37,0.23,0.26,0.22,0.11,0.15,0.09,0.1,0.02,0.16
10,"га-га","word","sounds",0.55,0.73,0.64,0.58,0.43,0.46,0.41,0.38,0.46,0.32,0.22,0.22,0.23,0.1,0.2,0.07,0.05,0.04,0.14
11,"динь-динь","word","sounds",0.14,0.24,0.36,0.28,0.2,0.23,0.18,0.2,0.21,0.15,0.08,0.16,0.13,0.11,0.15,0.02,0.02,0.02,0.1
12,"жж","word","sounds",0.33,0.37,0.47,0.4,0.25,0.25,0.28,0.26,0.31,0.23,0.12,0.12,0.14,0.05,0.18,0.07,0.07,0.02,0.08
13,"иа","word","sounds",0.21,0.27,0.4,0.23,0.2,0.23,0.16,0.21,0.25,0.17,0.13,0.12,0.09,0.08,0.15,0.04,0.02,0.02,0.06
14,"иго-го/цока-ющий звук","word","sounds",0.6,0.63,0.62,0.63,0.53,0.5,0.44,0.41,0.46,0.35,0.25,0.22,0.21,0.15,0.2,0.07,0.12,0.04,0.12
15,"кап-кап","word","sounds",0.43,0.54,0.51,0.56,0.47,0.48,0.38,0.39,0.4,0.38,0.25,0.24,0.21,0.16,0.24,0.09,0.07,0.02,0.12
16,"кар","word","sounds",0.64,0.59,0.56,0.56,0.39,0.5,0.41,0.44,0.42,0.37,0.22,0.28,0.22,0.11,0.18,0.07,0.12,0,0.12
17,"ква","word","sounds",0.36,0.63,0.56,0.47,0.35,0.43,0.39,0.35,0.44,0.28,0.23,0.21,0.19,0.08,0.16,0.07,0.09,0.02,0.14
18,"ко-ко","word","sounds",0.69,0.66,0.64,0.58,0.51,0.5,0.52,0.48,0.48,0.4,0.25,0.26,0.26,0.13,0.22,0.11,0.07,0.02,0.1
19,"кря","word","sounds",0.5,0.54,0.49,0.49,0.37,0.32,0.39,0.33,0.38,0.22,0.15,0.14,0.16,0.08,0.18,0.02,0.03,0.04,0.14
20,"кукареку","word","sounds",0.17,0.15,0.33,0.28,0.25,0.27,0.25,0.29,0.33,0.23,0.13,0.14,0.17,0.11,0.2,0.05,0.05,0,0.1
21,"ля-ля-ля","word","sounds",0.6,0.71,0.56,0.47,0.47,0.45,0.3,0.39,0.37,0.28,0.15,0.21,0.13,0.11,0.22,0.09,0.05,0.02,0.12
22,"ме","word","sounds",0.26,0.29,0.38,0.23,0.29,0.3,0.26,0.26,0.37,0.23,0.15,0.14,0.1,0.08,0.2,0.02,0.07,0.02,0.12
23,"му","word","sounds",0.69,0.8,0.67,0.53,0.49,0.61,0.49,0.5,0.5,0.4,0.27,0.28,0.26,0.15,0.22,0.11,0.09,0.06,0.14
24,"мяу","word","sounds",0.76,0.71,0.67,0.67,0.55,0.54,0.43,0.42,0.46,0.33,0.18,0.22,0.22,0.13,0.22,0.09,0.12,0.02,0.14
25,"пи-пи","word","sounds",0.5,0.63,0.58,0.56,0.35,0.46,0.48,0.39,0.46,0.37,0.2,0.22,0.21,0.13,0.2,0.07,0.09,0.02,0.12
26,"прыг","word","sounds",0.14,0.17,0.18,0.33,0.31,0.25,0.3,0.32,0.25,0.28,0.15,0.21,0.19,0.08,0.15,0.05,0.07,0.02,0.12
27,"ррр","word","sounds",0.48,0.44,0.38,0.35,0.35,0.25,0.23,0.29,0.37,0.23,0.08,0.17,0.18,0.07,0.11,0.07,0.05,0,0.1
28,"тик-так","word","sounds",0.29,0.41,0.4,0.4,0.35,0.39,0.34,0.41,0.37,0.25,0.12,0.24,0.19,0.16,0.18,0.07,0.07,0.02,0.14
29,"топ-топ","word","sounds",0.29,0.46,0.4,0.56,0.41,0.39,0.28,0.29,0.27,0.22,0.13,0.17,0.14,0.1,0.18,0.09,0.07,0.04,0.12
30,"тсс","word","sounds",0.21,0.27,0.4,0.3,0.31,0.25,0.25,0.26,0.23,0.32,0.13,0.17,0.21,0.08,0.18,0.11,0.07,0,0.06
31,"тук-тук","word","sounds",0.26,0.41,0.51,0.37,0.37,0.43,0.36,0.35,0.35,0.2,0.17,0.28,0.19,0.1,0.25,0.09,0.12,0.06,0.16
32,"ту-ту/чух-чух","word","sounds",0.36,0.44,0.53,0.47,0.37,0.39,0.34,0.35,0.44,0.32,0.17,0.26,0.21,0.15,0.24,0.07,0.1,0.06,0.1
33,"уу","word","sounds",0.31,0.27,0.4,0.35,0.2,0.23,0.21,0.29,0.21,0.17,0.08,0.12,0.12,0.03,0.15,0.04,0.03,0,0.06
34,"фу","word","sounds",0.5,0.46,0.44,0.4,0.41,0.29,0.33,0.29,0.33,0.18,0.12,0.17,0.13,0.08,0.18,0.07,0.09,0.02,0.1
35,"хрр/хрю","word","sounds",0.29,0.39,0.4,0.37,0.22,0.29,0.34,0.3,0.27,0.23,0.15,0.22,0.17,0.08,0.2,0.07,0.05,0.04,0.14
36,"чик","word","sounds",0.14,0.12,0.31,0.35,0.18,0.32,0.2,0.2,0.19,0.15,0.08,0.14,0.06,0.03,0.13,0.05,0.02,0,0.04
37,"шш","word","sounds",0.21,0.27,0.16,0.21,0.14,0.2,0.15,0.2,0.08,0.1,0.03,0.09,0.13,0.05,0.15,0.05,0.03,0,0.08
38,"бабочка","word","animals",0.14,0.29,0.29,0.56,0.63,0.64,0.64,0.77,0.79,0.83,0.77,0.86,0.81,0.9,0.89,0.91,0.9,0.96,0.96
39,"баран","word","animals",0.05,0,0.13,0.19,0.25,0.29,0.38,0.47,0.46,0.5,0.55,0.6,0.52,0.64,0.75,0.67,0.67,0.77,0.8
40,"бегемот","word","animals",0.05,0.12,0.22,0.33,0.33,0.32,0.41,0.47,0.56,0.5,0.63,0.78,0.64,0.7,0.76,0.71,0.76,0.77,0.88
41,"белка","word","animals",0.07,0.2,0.13,0.47,0.45,0.57,0.69,0.62,0.69,0.7,0.8,0.9,0.74,0.85,0.93,0.87,0.91,0.94,0.94
42,"волк","word","animals",0.02,0.27,0.24,0.53,0.53,0.62,0.74,0.79,0.73,0.87,0.87,0.97,0.9,0.97,0.96,0.93,0.95,0.96,1
43,"воробей","word","animals",0,0.05,0.09,0.23,0.16,0.38,0.43,0.47,0.44,0.48,0.62,0.64,0.58,0.7,0.76,0.85,0.74,0.79,0.78
44,"ворона","word","animals",0.1,0.15,0.2,0.35,0.37,0.39,0.54,0.61,0.62,0.7,0.73,0.93,0.74,0.82,0.85,0.89,0.9,0.89,0.9
45,"голубь","word","animals",0.07,0.22,0.29,0.44,0.41,0.45,0.46,0.5,0.5,0.52,0.67,0.67,0.73,0.7,0.8,0.8,0.72,0.79,0.82
46,"гусь","word","animals",0.02,0.12,0.22,0.42,0.35,0.55,0.56,0.61,0.63,0.6,0.77,0.81,0.81,0.75,0.75,0.78,0.88,0.94,0.88
47,"ёж","word","animals",0.07,0.15,0.2,0.33,0.47,0.48,0.59,0.73,0.63,0.75,0.73,0.9,0.77,0.85,0.85,0.87,0.9,0.96,0.96
48,"жираф","word","animals",0,0.1,0.16,0.26,0.27,0.36,0.48,0.48,0.56,0.52,0.65,0.71,0.58,0.72,0.82,0.8,0.78,0.79,0.92
49,"жук","word","animals",0.07,0.24,0.2,0.37,0.49,0.55,0.69,0.67,0.67,0.67,0.78,0.86,0.77,0.75,0.87,0.85,0.9,0.87,0.88
50,"заяц","word","animals",0.14,0.2,0.36,0.37,0.41,0.46,0.54,0.47,0.85,0.6,0.57,0.57,0.61,0.64,0.6,0.55,0.47,0.57,0.8
51,"звери","word","animals",0,0,0.09,0.12,0.04,0.09,0.18,0.09,0.33,0.25,0.27,0.33,0.32,0.36,0.38,0.42,0.31,0.43,0.65
52,"змея","word","animals",0.12,0.15,0.2,0.35,0.29,0.43,0.43,0.58,0.38,0.6,0.77,0.81,0.74,0.74,0.85,0.76,0.84,0.87,0.88
53,"коза","word","animals",0.12,0.07,0.18,0.3,0.37,0.39,0.48,0.44,0.65,0.52,0.58,0.66,0.6,0.66,0.75,0.71,0.66,0.81,0.8
54,"комар","word","animals",0.02,0.12,0.09,0.3,0.25,0.41,0.41,0.48,0.63,0.57,0.6,0.67,0.68,0.72,0.82,0.85,0.83,0.87,0.76
55,"конь","word","animals",0.07,0.1,0.13,0.3,0.29,0.48,0.46,0.59,0.4,0.58,0.67,0.72,0.57,0.69,0.69,0.65,0.79,0.83,0.73
56,"корова","word","animals",0.1,0.1,0.18,0.33,0.45,0.48,0.61,0.55,0.63,0.67,0.72,0.79,0.69,0.87,0.87,0.82,0.84,0.94,0.88
57,"кошка","word","animals",0.24,0.37,0.44,0.53,0.63,0.59,0.72,0.7,0.81,0.75,0.73,0.78,0.71,0.79,0.85,0.85,0.84,0.89,0.9
58,"крокодил","word","animals",0.05,0.1,0.13,0.33,0.35,0.45,0.51,0.58,0.52,0.55,0.77,0.79,0.81,0.85,0.78,0.85,0.86,0.87,0.92
59,"курица (animal)","word","animals",0.24,0.2,0.29,0.44,0.47,0.43,0.54,0.64,0.52,0.67,0.87,0.9,0.87,0.84,0.89,0.85,0.91,0.94,0.92
60,"лев","word","animals",0.02,0.2,0.22,0.26,0.43,0.41,0.57,0.61,0.63,0.67,0.65,0.84,0.75,0.82,0.76,0.8,0.88,0.89,0.96
61,"лиса","word","animals",0.07,0.17,0.11,0.37,0.43,0.64,0.67,0.71,0.69,0.63,0.8,0.88,0.74,0.89,0.87,0.84,0.84,0.96,0.92
62,"лошадь","word","animals",0.05,0.1,0.24,0.35,0.37,0.52,0.59,0.65,0.54,0.7,0.75,0.86,0.77,0.77,0.87,0.82,0.88,0.87,0.92
63,"лягушка","word","animals",0.12,0.2,0.22,0.37,0.35,0.54,0.57,0.65,0.56,0.68,0.8,0.9,0.78,0.87,0.85,0.91,0.91,0.96,0.9
64,"медведь","word","animals",0.07,0.22,0.27,0.4,0.45,0.59,0.59,0.68,0.67,0.73,0.88,0.83,0.79,0.84,0.93,0.85,0.97,0.89,0.96
65,"муха","word","animals",0.1,0.12,0.2,0.42,0.49,0.62,0.64,0.7,0.65,0.67,0.73,0.88,0.78,0.9,0.89,0.87,0.91,0.91,0.96
66,"мышка","word","animals",0.1,0.24,0.29,0.47,0.45,0.61,0.66,0.77,0.67,0.77,0.87,0.95,0.83,0.9,0.87,0.89,0.95,0.96,0.92
67,"обезьяна","word","animals",0.05,0.2,0.18,0.35,0.43,0.52,0.54,0.8,0.63,0.7,0.78,0.86,0.71,0.87,0.89,0.87,0.86,0.85,0.9
68,"овечка","word","animals",0.05,0.07,0.18,0.3,0.24,0.41,0.36,0.5,0.37,0.57,0.6,0.69,0.61,0.72,0.73,0.75,0.79,0.83,0.82
69,"ослик","word","animals",0.05,0.07,0.13,0.21,0.24,0.46,0.44,0.52,0.44,0.52,0.65,0.69,0.58,0.66,0.69,0.78,0.78,0.79,0.84
70,"петух","word","animals",0.05,0.05,0.16,0.28,0.25,0.36,0.43,0.52,0.52,0.55,0.57,0.71,0.65,0.74,0.69,0.67,0.74,0.83,0.8
71,"поросенок","word","animals",0,0.15,0.09,0.23,0.22,0.32,0.38,0.53,0.38,0.55,0.57,0.67,0.62,0.7,0.69,0.75,0.74,0.83,0.73
72,"птичка","word","animals",0.1,0.22,0.22,0.42,0.47,0.52,0.59,0.61,0.67,0.63,0.82,0.83,0.82,0.87,0.85,0.85,0.88,0.94,0.86
73,"рыбка","word","animals",0.17,0.2,0.31,0.42,0.47,0.61,0.67,0.65,0.71,0.67,0.78,0.86,0.75,0.89,0.87,0.89,0.9,0.91,0.94
74,"свинка","word","animals",0.1,0.1,0.16,0.33,0.25,0.39,0.44,0.61,0.4,0.58,0.67,0.74,0.62,0.74,0.8,0.78,0.72,0.89,0.82
75,"слон","word","animals",0.1,0.22,0.31,0.47,0.57,0.61,0.69,0.8,0.71,0.77,0.82,0.97,0.86,0.97,0.93,0.93,0.93,0.94,0.98
76,"собака","word","animals",0.17,0.22,0.36,0.42,0.53,0.59,0.64,0.61,0.71,0.7,0.72,0.79,0.75,0.8,0.84,0.84,0.86,0.85,0.88
77,"сова","word","animals",0.05,0.15,0.13,0.3,0.33,0.38,0.52,0.59,0.48,0.63,0.72,0.74,0.69,0.77,0.8,0.73,0.88,0.79,0.9
78,"тигр","word","animals",0.19,0.17,0.16,0.44,0.45,0.46,0.57,0.65,0.5,0.62,0.72,0.83,0.79,0.85,0.84,0.89,0.93,0.91,0.96
79,"утка","word","animals",0.12,0.17,0.16,0.42,0.41,0.38,0.51,0.58,0.52,0.57,0.6,0.78,0.68,0.74,0.78,0.76,0.69,0.79,0.92
80,"цыпленок","word","animals",0.02,0.1,0.13,0.42,0.25,0.32,0.43,0.48,0.38,0.57,0.77,0.72,0.69,0.72,0.73,0.78,0.76,0.83,0.86
81,"черепаха","word","animals",0.12,0.2,0.16,0.35,0.33,0.46,0.51,0.56,0.52,0.6,0.72,0.74,0.75,0.74,0.85,0.76,0.88,0.81,0.84
82,"автобус","word","vehicles",0.12,0.22,0.22,0.44,0.41,0.62,0.61,0.71,0.62,0.72,0.73,0.9,0.82,0.89,0.89,0.95,0.93,0.89,0.96
83,"велосипед","word","vehicles",0.07,0.15,0.16,0.42,0.39,0.59,0.57,0.65,0.65,0.6,0.75,0.91,0.74,0.8,0.89,0.93,0.84,0.91,0.9
84,"вертолет","word","vehicles",0.05,0.02,0.07,0.33,0.27,0.25,0.38,0.45,0.44,0.48,0.53,0.57,0.51,0.61,0.64,0.82,0.78,0.74,0.69
85,"грузовик","word","vehicles",0.05,0.02,0.09,0.26,0.22,0.27,0.31,0.41,0.35,0.42,0.52,0.45,0.51,0.57,0.64,0.67,0.71,0.68,0.71
86,"коляска","word","vehicles",0.29,0.32,0.47,0.56,0.57,0.73,0.72,0.79,0.73,0.75,0.77,0.9,0.81,0.89,0.85,0.85,0.91,0.91,0.98
87,"кораблик","word","vehicles",0,0.12,0.11,0.42,0.29,0.27,0.51,0.59,0.52,0.62,0.65,0.79,0.74,0.85,0.76,0.82,0.88,0.91,0.84
88,"машина","word","vehicles",0.17,0.27,0.27,0.49,0.55,0.64,0.74,0.8,0.75,0.75,0.87,0.98,0.9,0.97,0.95,0.96,0.97,1,0.96
89,"паровоз","word","vehicles",0.1,0.02,0.11,0.28,0.2,0.21,0.49,0.41,0.44,0.52,0.68,0.66,0.55,0.67,0.65,0.69,0.76,0.72,0.73
90,"поезд","word","vehicles",0.1,0.02,0.16,0.37,0.33,0.39,0.39,0.59,0.56,0.52,0.63,0.78,0.7,0.82,0.71,0.76,0.91,0.89,0.82
91,"пожарная машина","word","vehicles",0.02,0,0.04,0.12,0.08,0.12,0.16,0.24,0.21,0.28,0.33,0.36,0.31,0.33,0.51,0.51,0.59,0.53,0.59
92,"самолет","word","vehicles",0.12,0.1,0.31,0.42,0.39,0.55,0.66,0.68,0.65,0.68,0.8,0.84,0.79,0.87,0.84,0.91,0.95,0.91,0.92
93,"санки","word","vehicles",0.12,0.12,0.16,0.37,0.43,0.52,0.64,0.64,0.6,0.63,0.78,0.84,0.74,0.85,0.85,0.85,0.95,0.89,0.94
94,"трактор","word","vehicles",0.1,0.24,0.31,0.44,0.41,0.5,0.52,0.55,0.62,0.55,0.7,0.71,0.6,0.79,0.73,0.87,0.86,0.85,0.84
95,"альбом","word","toys",0.05,0.1,0.07,0.23,0.25,0.36,0.34,0.44,0.38,0.48,0.45,0.5,0.53,0.66,0.67,0.69,0.71,0.66,0.69
96,"ведро","word","toys",0.1,0.17,0.33,0.35,0.39,0.57,0.64,0.68,0.69,0.65,0.73,0.79,0.77,0.92,0.91,0.85,0.84,0.89,0.96
97,"грабли","word","toys",0.07,0.07,0.16,0.37,0.27,0.43,0.46,0.52,0.4,0.47,0.52,0.66,0.7,0.72,0.6,0.71,0.72,0.81,0.69
98,"игрушка","word","toys",0.17,0.15,0.22,0.4,0.45,0.55,0.64,0.74,0.63,0.7,0.82,0.88,0.86,0.97,0.95,0.89,0.86,0.96,0.94
99,"карандаш","word","toys",0.1,0.24,0.22,0.42,0.45,0.62,0.61,0.76,0.67,0.67,0.75,0.86,0.84,0.87,0.91,0.93,0.83,0.91,0.92
100,"кисточка","word","toys",0.05,0.02,0.07,0.26,0.16,0.25,0.33,0.5,0.46,0.53,0.53,0.64,0.58,0.74,0.73,0.73,0.79,0.81,0.84
101,"клей","word","toys",0.02,0.05,0.07,0.21,0.08,0.25,0.33,0.26,0.37,0.35,0.4,0.59,0.43,0.59,0.58,0.75,0.66,0.72,0.76
102,"книга","word","toys",0.26,0.24,0.36,0.51,0.55,0.68,0.7,0.77,0.79,0.73,0.9,0.95,0.87,0.9,0.93,0.91,0.88,0.89,0.96
103,"краски","word","toys",0.07,0.1,0.07,0.26,0.27,0.45,0.46,0.65,0.6,0.57,0.65,0.78,0.7,0.8,0.85,0.89,0.81,0.85,0.94
104,"кубики","word","toys",0.12,0.24,0.33,0.4,0.61,0.55,0.62,0.76,0.73,0.73,0.8,0.93,0.84,0.89,0.91,0.87,0.88,0.89,0.94
105,"кукла","word","toys",0.38,0.49,0.49,0.6,0.67,0.8,0.75,0.85,0.75,0.83,0.83,0.88,0.95,0.95,0.93,0.91,0.84,0.85,0.9
106,"лопатка","word","toys",0.21,0.29,0.33,0.51,0.57,0.68,0.72,0.8,0.75,0.7,0.77,0.88,0.83,0.97,0.93,0.87,0.91,0.96,0.98
107,"мозаика/пазл","word","toys",0.05,0.02,0,0.07,0.08,0.23,0.23,0.18,0.25,0.33,0.33,0.47,0.39,0.61,0.56,0.58,0.6,0.57,0.65
108,"мяч","word","toys",0.38,0.46,0.53,0.7,0.76,0.88,0.89,0.88,0.85,0.83,0.93,0.98,0.92,0.98,0.95,0.91,0.95,1,1
109,"песенка","word","toys",0.05,0.1,0.09,0.21,0.33,0.34,0.46,0.41,0.5,0.58,0.72,0.64,0.71,0.72,0.82,0.73,0.78,0.91,0.9
110,"пластилин","word","toys",0.02,0.12,0.07,0.21,0.22,0.27,0.36,0.33,0.35,0.43,0.53,0.57,0.58,0.72,0.71,0.65,0.74,0.83,0.86
111,"ручка","word","toys",0.07,0.24,0.18,0.35,0.37,0.52,0.57,0.64,0.58,0.65,0.75,0.88,0.81,0.9,0.93,0.87,0.79,0.91,0.82
112,"совок","word","toys",0.05,0.07,0.22,0.26,0.35,0.3,0.46,0.53,0.48,0.45,0.52,0.64,0.64,0.64,0.75,0.76,0.69,0.81,0.71
113,"сказка","word","toys",0.05,0.05,0.11,0.33,0.27,0.3,0.48,0.55,0.52,0.57,0.7,0.83,0.71,0.79,0.85,0.76,0.81,0.81,0.88
114,"фломастер","word","toys",0.05,0.02,0.07,0.19,0.2,0.21,0.34,0.27,0.31,0.4,0.4,0.52,0.55,0.56,0.73,0.67,0.72,0.72,0.71
115,"формочка","word","toys",0.02,0.02,0.07,0.21,0.12,0.2,0.31,0.35,0.35,0.47,0.5,0.59,0.57,0.61,0.64,0.6,0.71,0.68,0.71
116,"фотографии","word","toys",0.02,0.05,0.09,0.16,0.2,0.25,0.31,0.39,0.42,0.48,0.53,0.67,0.69,0.72,0.71,0.76,0.72,0.7,0.78
117,"шарик","word","toys",0.17,0.32,0.31,0.56,0.59,0.77,0.77,0.82,0.71,0.75,0.8,0.91,0.9,0.89,0.98,0.87,0.88,0.91,0.96
118,"юла","word","toys",0.07,0.12,0.18,0.42,0.39,0.39,0.31,0.56,0.4,0.57,0.63,0.6,0.57,0.67,0.67,0.69,0.66,0.66,0.76
119,"апельсин","word","food_drink",0.1,0.2,0.2,0.37,0.49,0.55,0.61,0.62,0.63,0.7,0.77,0.84,0.83,0.89,0.87,0.84,0.93,0.91,0.94
120,"арбуз","word","food_drink",0.05,0.15,0.18,0.3,0.33,0.38,0.51,0.58,0.63,0.5,0.75,0.79,0.68,0.82,0.87,0.87,0.84,0.81,0.96
121,"банан","word","food_drink",0.33,0.41,0.4,0.56,0.65,0.73,0.82,0.83,0.85,0.85,0.9,0.97,0.9,0.95,0.95,0.89,0.95,0.94,1
122,"блины","word","food_drink",0.07,0.1,0.22,0.3,0.45,0.48,0.52,0.58,0.5,0.63,0.65,0.76,0.73,0.82,0.82,0.85,0.9,0.91,0.9
123,"булка","word","food_drink",0.26,0.37,0.42,0.51,0.51,0.64,0.75,0.8,0.77,0.83,0.8,0.91,0.83,0.89,0.89,0.89,0.98,0.85,0.94
124,"варенье","word","food_drink",0.02,0.02,0.02,0.14,0.12,0.27,0.31,0.3,0.27,0.35,0.43,0.69,0.56,0.61,0.69,0.71,0.69,0.77,0.71
125,"виноград","word","food_drink",0.05,0.17,0.16,0.26,0.29,0.3,0.49,0.56,0.56,0.45,0.65,0.76,0.71,0.72,0.78,0.84,0.79,0.74,0.82
126,"витамины","word","food_drink",0.07,0.05,0.09,0.19,0.25,0.23,0.38,0.44,0.35,0.48,0.53,0.62,0.49,0.59,0.62,0.64,0.74,0.62,0.61
127,"вода","word","food_drink",0.19,0.24,0.38,0.58,0.63,0.64,0.69,0.82,0.85,0.8,0.9,0.91,0.91,0.95,0.91,0.93,0.95,0.96,0.98
128,"груша","word","food_drink",0.1,0.32,0.31,0.42,0.55,0.55,0.69,0.64,0.75,0.68,0.78,0.9,0.78,0.85,0.84,0.87,0.83,0.94,0.92
129,"горох","word","food_drink",0,0.05,0.09,0.16,0.24,0.23,0.38,0.33,0.4,0.4,0.5,0.64,0.44,0.59,0.62,0.65,0.6,0.68,0.65
130,"грибы","word","food_drink",0.02,0.15,0.13,0.33,0.24,0.46,0.49,0.48,0.54,0.58,0.7,0.66,0.66,0.77,0.8,0.84,0.74,0.81,0.86
131,"еда","word","food_drink",0.07,0.1,0.13,0.26,0.24,0.34,0.33,0.41,0.31,0.43,0.42,0.53,0.56,0.54,0.64,0.64,0.69,0.7,0.78
132,"изюм","word","food_drink",0.05,0.05,0.07,0.12,0.22,0.14,0.31,0.3,0.29,0.47,0.38,0.48,0.45,0.61,0.58,0.62,0.62,0.64,0.59
133,"йогурт","word","food_drink",0.1,0.15,0.11,0.33,0.25,0.32,0.46,0.52,0.42,0.62,0.65,0.76,0.68,0.7,0.8,0.78,0.91,0.81,0.86
134,"капуста","word","food_drink",0.07,0.17,0.18,0.33,0.39,0.46,0.48,0.5,0.52,0.62,0.62,0.76,0.73,0.82,0.82,0.76,0.88,0.85,0.92
135,"картошка","word","food_drink",0.12,0.2,0.36,0.42,0.49,0.55,0.61,0.65,0.65,0.75,0.83,0.88,0.83,0.9,0.91,0.91,0.91,0.94,0.94
136,"каша","word","food_drink",0.31,0.41,0.51,0.7,0.65,0.77,0.79,0.88,0.9,0.93,0.93,1,0.88,0.97,0.91,0.93,0.97,0.96,1
137,"кефир","word","food_drink",0.02,0.07,0.2,0.23,0.31,0.36,0.46,0.47,0.44,0.53,0.57,0.71,0.66,0.61,0.78,0.69,0.74,0.83,0.8
138,"киви","word","food_drink",0.05,0.07,0.07,0.12,0.22,0.25,0.34,0.41,0.37,0.42,0.45,0.59,0.48,0.41,0.53,0.55,0.59,0.64,0.71
139,"колбаса","word","food_drink",0.07,0.22,0.29,0.33,0.59,0.62,0.57,0.7,0.63,0.7,0.77,0.86,0.81,0.93,0.89,0.91,0.93,0.91,0.94
140,"компот","word","food_drink",0.12,0.12,0.13,0.21,0.29,0.38,0.56,0.45,0.48,0.58,0.67,0.71,0.71,0.74,0.76,0.8,0.78,0.79,0.86
141,"конфета","word","food_drink",0.26,0.29,0.4,0.37,0.53,0.73,0.66,0.77,0.75,0.75,0.85,0.93,0.88,0.95,0.95,0.96,0.93,0.98,1
142,"котлета","word","food_drink",0.17,0.17,0.22,0.33,0.37,0.43,0.43,0.52,0.52,0.58,0.77,0.84,0.73,0.82,0.84,0.91,0.86,0.94,0.96
143,"кофе","word","food_drink",0.02,0.07,0.09,0.19,0.31,0.36,0.41,0.44,0.42,0.52,0.65,0.59,0.55,0.62,0.69,0.65,0.74,0.7,0.8
144,"кукуруза","word","food_drink",0.02,0.02,0.07,0.19,0.12,0.18,0.33,0.24,0.29,0.37,0.38,0.47,0.51,0.44,0.44,0.56,0.62,0.57,0.63
145,"курица (food)","word","food_drink",0.05,0.12,0.16,0.35,0.35,0.34,0.52,0.55,0.48,0.62,0.75,0.84,0.71,0.87,0.78,0.8,0.84,0.85,0.9
146,"лук","word","food_drink",0.05,0.22,0.24,0.28,0.53,0.55,0.57,0.58,0.6,0.67,0.83,0.84,0.79,0.85,0.82,0.76,0.91,0.85,0.92
147,"макароны","word","food_drink",0.07,0.24,0.29,0.37,0.47,0.5,0.61,0.64,0.65,0.73,0.82,0.9,0.78,0.85,0.87,0.85,0.9,0.89,0.94
148,"малина","word","food_drink",0.02,0.05,0.09,0.14,0.2,0.27,0.36,0.21,0.38,0.37,0.53,0.64,0.49,0.59,0.71,0.69,0.78,0.7,0.71
149,"мандарин","word","food_drink",0.05,0.07,0.11,0.26,0.29,0.25,0.43,0.35,0.5,0.55,0.58,0.62,0.64,0.75,0.78,0.69,0.71,0.85,0.82
150,"масло","word","food_drink",0.07,0.15,0.18,0.44,0.43,0.48,0.52,0.56,0.65,0.72,0.85,0.9,0.75,0.87,0.84,0.84,0.86,0.77,0.96
151,"мед","word","food_drink",0,0.02,0.07,0.21,0.16,0.3,0.44,0.3,0.35,0.47,0.53,0.67,0.51,0.56,0.65,0.58,0.62,0.66,0.8
152,"молоко","word","food_drink",0.19,0.22,0.27,0.49,0.59,0.64,0.69,0.7,0.73,0.82,0.83,0.93,0.82,0.95,0.89,0.91,0.95,0.96,0.98
153,"морковка","word","food_drink",0.07,0.12,0.18,0.33,0.37,0.5,0.62,0.55,0.58,0.65,0.82,0.81,0.75,0.8,0.89,0.84,0.83,0.87,0.92
154,"мороженое","word","food_drink",0.1,0.05,0.11,0.19,0.14,0.29,0.44,0.52,0.44,0.5,0.6,0.79,0.73,0.8,0.87,0.8,0.84,0.85,0.9
155,"мясо","word","food_drink",0.14,0.29,0.22,0.44,0.53,0.66,0.51,0.68,0.65,0.75,0.78,0.91,0.78,0.85,0.8,0.87,0.93,0.87,0.92
156,"огурец","word","food_drink",0.05,0.15,0.24,0.35,0.49,0.64,0.59,0.74,0.63,0.75,0.82,0.88,0.86,0.82,0.89,0.89,0.91,0.89,0.96
157,"оладьи","word","food_drink",0,0,0.07,0.09,0.12,0.11,0.16,0.15,0.13,0.28,0.35,0.36,0.26,0.39,0.44,0.49,0.48,0.51,0.59
158,"печенье","word","food_drink",0.19,0.2,0.31,0.42,0.53,0.64,0.72,0.68,0.63,0.78,0.8,0.91,0.86,0.9,0.96,0.89,0.93,0.94,0.92
159,"пирог","word","food_drink",0,0.05,0.04,0.16,0.24,0.2,0.33,0.32,0.33,0.45,0.43,0.52,0.57,0.61,0.75,0.73,0.74,0.77,0.8
160,"помидор","word","food_drink",0.02,0.07,0.13,0.28,0.35,0.45,0.54,0.52,0.52,0.57,0.65,0.88,0.7,0.75,0.85,0.84,0.86,0.85,0.86
161,"пряник","word","food_drink",0,0,0.07,0.16,0.14,0.38,0.36,0.33,0.29,0.55,0.6,0.64,0.52,0.69,0.76,0.69,0.72,0.79,0.78
162,"рис","word","food_drink",0,0.12,0.11,0.23,0.31,0.25,0.38,0.36,0.38,0.57,0.52,0.67,0.55,0.62,0.75,0.71,0.76,0.7,0.84
163,"рыба","word","food_drink",0.1,0.29,0.29,0.4,0.53,0.64,0.7,0.77,0.71,0.82,0.82,0.98,0.81,0.93,0.87,0.93,0.91,0.91,0.92
164,"сахар","word","food_drink",0,0.17,0.11,0.23,0.35,0.41,0.43,0.53,0.56,0.58,0.65,0.74,0.69,0.77,0.82,0.78,0.81,0.85,0.88
165,"свекла","word","food_drink",0,0.05,0.11,0.21,0.16,0.25,0.36,0.24,0.25,0.35,0.33,0.53,0.44,0.39,0.6,0.56,0.72,0.62,0.69
166,"слива","word","food_drink",0,0.07,0.09,0.12,0.18,0.29,0.25,0.24,0.37,0.4,0.37,0.64,0.48,0.48,0.58,0.69,0.71,0.66,0.8
167,"сметана","word","food_drink",0.02,0.05,0.04,0.26,0.24,0.34,0.49,0.53,0.44,0.57,0.63,0.76,0.61,0.72,0.65,0.78,0.83,0.79,0.84
168,"сок","word","food_drink",0.29,0.39,0.53,0.6,0.69,0.8,0.82,0.94,0.9,0.93,0.92,0.98,0.94,0.98,0.96,0.95,0.98,1,1
169,"соль","word","food_drink",0.02,0.12,0.11,0.28,0.31,0.29,0.48,0.44,0.42,0.57,0.62,0.86,0.7,0.7,0.8,0.73,0.81,0.79,0.9
170,"сосиска","word","food_drink",0.12,0.29,0.33,0.49,0.51,0.7,0.62,0.74,0.62,0.77,0.82,0.88,0.84,0.95,0.91,0.89,0.95,0.91,0.94
171,"суп","word","food_drink",0.26,0.29,0.53,0.53,0.71,0.86,0.84,0.88,0.81,0.92,0.9,0.98,0.9,0.97,0.93,0.96,0.98,0.98,1
172,"сыр","word","food_drink",0.17,0.34,0.29,0.53,0.61,0.66,0.69,0.73,0.67,0.8,0.87,0.97,0.84,0.89,0.85,0.91,0.95,0.89,0.94
173,"творог","word","food_drink",0.07,0.05,0.07,0.28,0.31,0.32,0.43,0.36,0.46,0.48,0.57,0.66,0.57,0.64,0.62,0.71,0.76,0.7,0.78
174,"торт","word","food_drink",0.02,0.02,0.09,0.26,0.29,0.39,0.54,0.52,0.46,0.62,0.7,0.79,0.71,0.75,0.85,0.78,0.79,0.83,0.9
175,"тыква","word","food_drink",0,0.05,0.04,0.19,0.12,0.2,0.25,0.14,0.21,0.25,0.22,0.31,0.26,0.31,0.4,0.45,0.34,0.47,0.53
176,"фасоль","word","food_drink",0,0.02,0.02,0.12,0.1,0.05,0.16,0.09,0.21,0.22,0.25,0.26,0.23,0.26,0.4,0.44,0.41,0.45,0.51
177,"фрукт","word","food_drink",0,0.02,0.04,0.09,0.08,0.12,0.16,0.17,0.17,0.27,0.22,0.36,0.38,0.49,0.55,0.55,0.5,0.55,0.63
178,"хлеб","word","food_drink",0.19,0.24,0.31,0.49,0.55,0.7,0.66,0.74,0.81,0.82,0.87,0.91,0.84,0.9,0.93,0.89,0.97,0.98,0.98
179,"чай","word","food_drink",0.31,0.37,0.53,0.6,0.69,0.79,0.8,0.88,0.83,0.9,0.9,0.98,0.91,0.95,0.95,0.95,0.98,0.98,1
180,"черника","word","food_drink",0.02,0,0.02,0.14,0.04,0.09,0.15,0.08,0.15,0.2,0.22,0.34,0.34,0.36,0.45,0.53,0.5,0.51,0.63
181,"чипсы","word","food_drink",0.05,0.1,0.02,0.12,0.2,0.21,0.28,0.44,0.33,0.38,0.48,0.4,0.48,0.67,0.65,0.62,0.69,0.68,0.67
182,"чупа-чупс","word","food_drink",0,0.02,0.11,0.07,0.1,0.29,0.31,0.32,0.25,0.37,0.52,0.55,0.53,0.54,0.71,0.67,0.67,0.81,0.71
183,"шоколад","word","food_drink",0.05,0.05,0.16,0.26,0.25,0.43,0.49,0.58,0.52,0.55,0.7,0.69,0.75,0.8,0.85,0.84,0.88,0.85,0.8
184,"яблоко","word","food_drink",0.26,0.41,0.42,0.65,0.59,0.77,0.79,0.83,0.83,0.87,0.85,0.95,0.87,0.95,0.95,0.95,0.97,0.98,0.96
185,"ягода","word","food_drink",0.14,0.27,0.27,0.37,0.39,0.43,0.43,0.5,0.52,0.58,0.55,0.72,0.68,0.69,0.84,0.8,0.81,0.68,0.8
186,"яйцо","word","food_drink",0.12,0.22,0.31,0.44,0.55,0.55,0.64,0.68,0.69,0.8,0.73,0.88,0.83,0.89,0.95,0.87,0.93,0.87,0.9
187,"босоножки","word","clothing",0.02,0.05,0.02,0.14,0.06,0.09,0.2,0.15,0.17,0.27,0.35,0.36,0.3,0.38,0.4,0.49,0.45,0.43,0.67
188,"ботинки","word","clothing",0.21,0.22,0.2,0.49,0.37,0.43,0.62,0.7,0.69,0.73,0.8,0.88,0.81,0.85,0.82,0.93,0.95,0.87,0.94
189,"брюки","word","clothing",0.05,0.1,0.13,0.23,0.16,0.36,0.41,0.41,0.48,0.47,0.55,0.64,0.62,0.61,0.75,0.71,0.76,0.68,0.8
190,"бусы","word","clothing",0.02,0.1,0.11,0.16,0.27,0.27,0.36,0.36,0.35,0.43,0.37,0.6,0.51,0.48,0.6,0.6,0.67,0.6,0.71
191,"валенки","word","clothing",0.05,0,0.02,0.12,0.14,0.16,0.28,0.2,0.17,0.37,0.28,0.45,0.31,0.41,0.6,0.55,0.53,0.51,0.69
192,"варежки/рукавицы","word","clothing",0.14,0.15,0.16,0.4,0.35,0.39,0.54,0.59,0.5,0.67,0.7,0.79,0.74,0.9,0.85,0.89,0.86,0.89,0.94
193,"колготки","word","clothing",0.21,0.34,0.24,0.58,0.51,0.62,0.67,0.74,0.65,0.77,0.85,0.91,0.83,0.95,0.95,0.91,0.97,0.96,1
194,"комбинезон","word","clothing",0.05,0.05,0.09,0.28,0.2,0.2,0.34,0.27,0.29,0.45,0.45,0.53,0.56,0.61,0.71,0.6,0.76,0.64,0.76
195,"кофта","word","clothing",0.14,0.12,0.18,0.37,0.41,0.54,0.59,0.68,0.52,0.6,0.68,0.78,0.75,0.77,0.84,0.87,0.91,0.85,0.88
196,"кроссовки","word","clothing",0.02,0.02,0.07,0.12,0.04,0.14,0.23,0.21,0.19,0.32,0.47,0.53,0.4,0.61,0.56,0.58,0.55,0.6,0.71
197,"куртка","word","clothing",0.14,0.27,0.22,0.47,0.49,0.59,0.64,0.74,0.71,0.8,0.83,0.86,0.84,0.92,0.91,0.95,0.91,0.89,0.94
198,"майка","word","clothing",0.14,0.17,0.18,0.42,0.47,0.48,0.57,0.59,0.62,0.72,0.8,0.86,0.79,0.77,0.85,0.87,0.88,0.94,0.92
199,"носки","word","clothing",0.21,0.15,0.27,0.44,0.55,0.68,0.59,0.71,0.71,0.82,0.82,0.91,0.87,0.85,0.89,0.93,0.95,0.94,0.96
200,"обувь","word","clothing",0.02,0.05,0.02,0.09,0.1,0.16,0.2,0.21,0.23,0.33,0.35,0.4,0.38,0.46,0.49,0.58,0.53,0.57,0.67
201,"одежда","word","clothing",0,0,0.02,0.07,0.08,0.14,0.2,0.26,0.19,0.33,0.42,0.48,0.44,0.56,0.62,0.64,0.62,0.64,0.78
202,"пальто","word","clothing",0,0.07,0.09,0.12,0.18,0.21,0.23,0.15,0.17,0.33,0.38,0.41,0.34,0.46,0.58,0.53,0.5,0.68,0.65
203,"перчатки","word","clothing",0.05,0.05,0.18,0.26,0.25,0.29,0.49,0.35,0.38,0.43,0.58,0.71,0.66,0.67,0.71,0.76,0.76,0.7,0.82
204,"пижама","word","clothing",0.05,0.05,0.13,0.3,0.22,0.34,0.51,0.53,0.48,0.55,0.62,0.79,0.74,0.69,0.76,0.84,0.84,0.89,0.88
205,"платье","word","clothing",0.1,0.22,0.16,0.33,0.31,0.41,0.44,0.55,0.4,0.58,0.58,0.72,0.6,0.74,0.71,0.82,0.74,0.72,0.8
206,"пуговица","word","clothing",0.12,0.22,0.16,0.51,0.31,0.34,0.52,0.53,0.54,0.68,0.53,0.74,0.64,0.75,0.75,0.75,0.86,0.77,0.82
207,"рубашка","word","clothing",0.05,0.1,0.13,0.28,0.24,0.25,0.43,0.41,0.42,0.48,0.65,0.67,0.69,0.7,0.75,0.78,0.76,0.81,0.78
208,"сапоги","word","clothing",0.05,0.15,0.2,0.35,0.41,0.46,0.49,0.58,0.52,0.58,0.73,0.78,0.7,0.75,0.8,0.8,0.84,0.85,0.88
209,"свитер","word","clothing",0.05,0.02,0.04,0.21,0.2,0.11,0.26,0.23,0.27,0.45,0.55,0.5,0.53,0.59,0.64,0.69,0.72,0.64,0.71
210,"тапки","word","clothing",0.31,0.32,0.42,0.67,0.51,0.71,0.7,0.86,0.69,0.82,0.77,0.88,0.88,0.92,0.91,0.89,0.97,0.94,0.98
211,"трусы","word","clothing",0.21,0.2,0.22,0.47,0.55,0.66,0.62,0.76,0.69,0.8,0.85,0.93,0.86,0.95,0.95,0.93,0.93,0.98,0.98
212,"туфли","word","clothing",0.02,0.05,0.07,0.19,0.18,0.27,0.34,0.42,0.37,0.45,0.55,0.52,0.57,0.56,0.71,0.69,0.71,0.7,0.76
213,"шапка","word","clothing",0.21,0.32,0.4,0.6,0.59,0.73,0.77,0.82,0.81,0.88,0.88,0.95,0.87,0.95,0.95,0.91,0.98,0.94,1
214,"шарф","word","clothing",0.05,0.15,0.18,0.44,0.35,0.34,0.64,0.58,0.5,0.7,0.72,0.72,0.77,0.77,0.87,0.93,0.88,0.91,0.96
215,"шорты","word","clothing",0,0,0.11,0.19,0.14,0.2,0.3,0.3,0.29,0.4,0.57,0.66,0.57,0.66,0.67,0.69,0.71,0.66,0.8
216,"штаны","word","clothing",0.05,0.17,0.18,0.4,0.37,0.45,0.56,0.67,0.58,0.65,0.75,0.86,0.81,0.77,0.84,0.89,0.97,0.89,0.9
217,"брови","word","body_parts",0.07,0.15,0.16,0.3,0.37,0.38,0.44,0.42,0.56,0.55,0.53,0.59,0.57,0.66,0.53,0.76,0.71,0.77,0.78
218,"волосы","word","body_parts",0.12,0.2,0.22,0.51,0.57,0.57,0.62,0.68,0.73,0.78,0.85,0.86,0.84,0.93,0.87,0.91,0.95,0.96,0.96
219,"глазки","word","body_parts",0.31,0.39,0.53,0.56,0.71,0.82,0.74,0.85,0.85,0.87,0.9,0.97,0.88,0.95,0.95,0.96,0.98,1,1
220,"голова","word","body_parts",0.14,0.24,0.27,0.37,0.53,0.55,0.57,0.73,0.73,0.78,0.73,0.91,0.83,0.87,0.91,0.93,0.95,0.94,0.98
221,"губы","word","body_parts",0.07,0.12,0.2,0.35,0.37,0.5,0.48,0.61,0.58,0.65,0.7,0.74,0.7,0.84,0.78,0.84,0.88,0.94,0.96
222,"живот","word","body_parts",0.17,0.22,0.24,0.47,0.53,0.55,0.62,0.8,0.65,0.7,0.88,0.91,0.86,0.87,0.89,0.93,0.95,0.96,0.98
223,"зубы","word","body_parts",0.1,0.22,0.29,0.49,0.55,0.57,0.59,0.73,0.67,0.8,0.85,0.86,0.81,0.89,0.91,0.89,0.97,1,0.98
224,"колено","word","body_parts",0.02,0.05,0.09,0.26,0.25,0.27,0.26,0.33,0.31,0.48,0.45,0.6,0.52,0.62,0.69,0.64,0.67,0.72,0.73
225,"ладонь","word","body_parts",0,0.02,0.04,0.19,0.16,0.12,0.2,0.18,0.23,0.32,0.37,0.43,0.39,0.54,0.55,0.65,0.67,0.6,0.65
226,"лицо","word","body_parts",0.02,0.07,0.11,0.26,0.35,0.36,0.41,0.48,0.44,0.53,0.67,0.76,0.65,0.75,0.73,0.78,0.88,0.89,0.9
227,"лоб","word","body_parts",0.1,0.1,0.27,0.42,0.47,0.48,0.64,0.58,0.65,0.67,0.77,0.78,0.77,0.79,0.82,0.82,0.88,0.87,0.92
228,"нога","word","body_parts",0.26,0.41,0.44,0.58,0.67,0.61,0.67,0.8,0.85,0.87,0.92,0.93,0.86,0.89,0.98,0.96,0.93,0.98,1
229,"ногти","word","body_parts",0.02,0.05,0.13,0.26,0.35,0.34,0.38,0.42,0.44,0.58,0.57,0.71,0.62,0.67,0.65,0.76,0.91,0.79,0.82
230,"нос","word","body_parts",0.33,0.44,0.53,0.58,0.71,0.73,0.74,0.79,0.85,0.85,0.87,0.98,0.9,0.93,0.96,0.93,0.98,0.98,0.98
231,"палец","word","body_parts",0.14,0.29,0.22,0.49,0.53,0.57,0.61,0.73,0.67,0.72,0.85,0.88,0.81,0.92,0.89,0.95,0.91,0.96,0.96
232,"плечи","word","body_parts",0,0.02,0.09,0.16,0.08,0.11,0.18,0.17,0.15,0.3,0.35,0.47,0.34,0.48,0.51,0.56,0.55,0.55,0.61
233,"пупок","word","body_parts",0.24,0.37,0.58,0.56,0.63,0.64,0.62,0.67,0.69,0.78,0.88,0.79,0.81,0.87,0.8,0.91,0.86,0.87,0.94
234,"ресницы","word","body_parts",0.02,0.07,0.04,0.19,0.24,0.2,0.28,0.24,0.31,0.37,0.45,0.47,0.52,0.59,0.62,0.71,0.67,0.64,0.76
235,"рот","word","body_parts",0.12,0.22,0.29,0.47,0.57,0.7,0.67,0.76,0.73,0.73,0.87,0.93,0.87,0.92,0.91,0.96,0.91,0.98,0.98
236,"рука","word","body_parts",0.21,0.27,0.33,0.49,0.61,0.71,0.77,0.82,0.83,0.83,0.88,0.97,0.86,0.95,0.95,0.96,0.9,0.98,1
237,"спина","word","body_parts",0,0.05,0.16,0.28,0.33,0.41,0.48,0.47,0.5,0.52,0.68,0.78,0.7,0.8,0.8,0.73,0.91,0.85,0.88
238,"ушки","word","body_parts",0.14,0.29,0.27,0.51,0.59,0.59,0.66,0.8,0.69,0.83,0.88,0.88,0.83,0.93,0.89,0.93,0.97,0.98,0.94
239,"шея","word","body_parts",0.02,0.1,0.18,0.42,0.41,0.32,0.38,0.45,0.37,0.6,0.63,0.66,0.64,0.72,0.73,0.8,0.84,0.83,0.86
240,"щека","word","body_parts",0.05,0.1,0.18,0.35,0.47,0.43,0.48,0.48,0.56,0.63,0.75,0.72,0.66,0.77,0.73,0.8,0.88,0.85,0.9
241,"язык","word","body_parts",0.05,0.07,0.2,0.33,0.45,0.45,0.46,0.61,0.58,0.58,0.78,0.81,0.66,0.82,0.84,0.84,0.93,0.96,0.98
242,"банка","word","household",0.12,0.17,0.2,0.4,0.45,0.46,0.54,0.52,0.48,0.7,0.63,0.78,0.74,0.82,0.82,0.75,0.91,0.85,0.86
243,"бумага","word","household",0.1,0.07,0.2,0.37,0.39,0.39,0.49,0.52,0.52,0.6,0.7,0.81,0.73,0.8,0.82,0.84,0.9,0.87,0.92
244,"бутылочка","word","household",0.07,0.12,0.18,0.37,0.37,0.38,0.46,0.47,0.4,0.57,0.7,0.67,0.69,0.79,0.76,0.71,0.86,0.77,0.8
245,"веник","word","household",0.07,0.05,0.11,0.21,0.27,0.25,0.3,0.42,0.4,0.48,0.55,0.59,0.62,0.67,0.71,0.71,0.69,0.72,0.8
246,"вилка","word","household",0.19,0.15,0.24,0.37,0.53,0.57,0.57,0.76,0.67,0.8,0.85,0.93,0.84,0.93,0.85,0.95,0.93,0.94,0.98
247,"гвоздь","word","household",0.02,0.05,0.09,0.14,0.14,0.16,0.3,0.26,0.35,0.35,0.53,0.6,0.43,0.69,0.67,0.67,0.78,0.66,0.78
248,"горшок","word","household",0.19,0.15,0.29,0.49,0.53,0.64,0.61,0.7,0.75,0.73,0.8,0.9,0.86,0.87,0.87,0.89,0.91,0.96,0.94
249,"деньги","word","household",0.14,0.17,0.22,0.42,0.39,0.57,0.52,0.7,0.63,0.7,0.73,0.83,0.83,0.89,0.82,0.78,0.93,0.81,0.92
250,"картинка","word","household",0.05,0.05,0.09,0.3,0.27,0.3,0.44,0.35,0.35,0.53,0.68,0.71,0.74,0.75,0.8,0.84,0.84,0.83,0.82
251,"кастрюля","word","household",0.02,0.1,0.16,0.33,0.29,0.27,0.44,0.38,0.44,0.53,0.68,0.69,0.66,0.79,0.8,0.71,0.9,0.77,0.9
252,"ключи","word","household",0.14,0.2,0.31,0.4,0.43,0.64,0.56,0.68,0.65,0.7,0.82,0.88,0.86,0.92,0.84,0.84,0.91,0.91,0.96
253,"коляска","word","household",0.29,0.27,0.38,0.56,0.53,0.73,0.62,0.74,0.73,0.75,0.77,0.88,0.79,0.9,0.84,0.85,0.95,0.83,0.94
254,"компьютер","word","household",0.1,0.05,0.09,0.21,0.1,0.21,0.28,0.21,0.33,0.32,0.4,0.5,0.58,0.57,0.55,0.67,0.47,0.66,0.78
255,"корзина","word","household",0,0,0.04,0.16,0.04,0.14,0.26,0.18,0.29,0.38,0.43,0.53,0.48,0.61,0.51,0.64,0.66,0.6,0.71
256,"коробка","word","household",0.07,0.07,0.11,0.33,0.29,0.3,0.44,0.44,0.56,0.53,0.72,0.71,0.68,0.84,0.78,0.78,0.91,0.85,0.82
257,"кошелек","word","household",0.02,0.07,0.07,0.23,0.22,0.16,0.31,0.39,0.46,0.52,0.53,0.64,0.68,0.69,0.71,0.67,0.76,0.77,0.78
258,"кружка","word","household",0.12,0.17,0.22,0.37,0.39,0.41,0.43,0.64,0.65,0.62,0.73,0.79,0.74,0.82,0.85,0.89,0.9,0.89,0.94
259,"лампа","word","household",0.17,0.24,0.22,0.51,0.49,0.45,0.48,0.58,0.63,0.6,0.65,0.76,0.75,0.87,0.84,0.87,0.84,0.79,0.88
260,"лекарство","word","household",0.02,0.05,0.04,0.21,0.1,0.2,0.3,0.35,0.33,0.43,0.57,0.59,0.64,0.67,0.65,0.75,0.76,0.68,0.73
261,"ложка","word","household",0.24,0.24,0.33,0.47,0.57,0.73,0.72,0.77,0.75,0.77,0.88,0.98,0.86,0.98,0.93,0.91,0.93,0.96,0.98
262,"магнитофон","word","household",0.02,0,0.04,0.09,0.04,0.12,0.2,0.23,0.19,0.43,0.4,0.43,0.45,0.44,0.55,0.58,0.64,0.6,0.69
263,"молоток","word","household",0.07,0.05,0.16,0.26,0.31,0.3,0.39,0.48,0.42,0.52,0.6,0.69,0.61,0.7,0.71,0.73,0.81,0.77,0.73
264,"монетка","word","household",0.02,0,0.02,0.16,0.16,0.2,0.2,0.2,0.19,0.35,0.28,0.38,0.39,0.48,0.44,0.51,0.53,0.57,0.55
265,"мусор","word","household",0.1,0.15,0.24,0.47,0.41,0.48,0.52,0.61,0.62,0.68,0.72,0.74,0.77,0.8,0.8,0.84,0.86,0.87,0.84
266,"мыло","word","household",0.17,0.32,0.31,0.44,0.59,0.68,0.57,0.79,0.73,0.77,0.8,0.97,0.86,0.95,0.93,0.93,0.97,0.96,0.98
267,"нож","word","household",0.05,0.15,0.22,0.3,0.43,0.46,0.49,0.64,0.6,0.72,0.78,0.9,0.79,0.87,0.85,0.84,0.91,0.83,0.96
268,"ножницы","word","household",0.07,0.1,0.13,0.28,0.2,0.23,0.38,0.45,0.5,0.6,0.68,0.69,0.71,0.75,0.8,0.84,0.86,0.83,0.8
269,"одеяло","word","household",0.12,0.2,0.2,0.37,0.41,0.59,0.56,0.64,0.63,0.6,0.78,0.86,0.81,0.85,0.89,0.89,0.95,0.94,0.96
270,"платок","word","household",0,0.05,0.09,0.33,0.35,0.38,0.44,0.45,0.54,0.63,0.7,0.76,0.73,0.82,0.8,0.84,0.91,0.87,0.92
271,"плита","word","household",0.02,0.05,0.13,0.23,0.2,0.16,0.3,0.3,0.38,0.5,0.43,0.55,0.51,0.61,0.65,0.65,0.76,0.64,0.71
272,"подушка","word","household",0.14,0.2,0.29,0.47,0.45,0.57,0.61,0.71,0.67,0.65,0.78,0.88,0.82,0.92,0.84,0.89,0.95,0.94,0.94
273,"полотенце","word","household",0.1,0.1,0.16,0.37,0.27,0.36,0.49,0.56,0.48,0.58,0.72,0.74,0.74,0.8,0.8,0.84,0.9,0.89,0.86
274,"посуда","word","household",0,0.02,0.04,0.12,0.2,0.21,0.26,0.32,0.42,0.43,0.45,0.64,0.56,0.64,0.76,0.65,0.86,0.77,0.69
275,"пылесос","word","household",0.07,0.1,0.16,0.28,0.35,0.46,0.48,0.55,0.46,0.55,0.6,0.66,0.69,0.72,0.69,0.78,0.86,0.77,0.71
276,"радио","word","household",0,0,0.07,0.05,0.04,0.12,0.18,0.18,0.19,0.32,0.35,0.36,0.31,0.39,0.45,0.51,0.55,0.57,0.59
277,"расческа","word","household",0.1,0.12,0.16,0.33,0.41,0.45,0.44,0.56,0.58,0.55,0.7,0.76,0.69,0.74,0.8,0.87,0.84,0.83,0.88
278,"свет","word","household",0.12,0.2,0.31,0.53,0.45,0.66,0.61,0.76,0.69,0.73,0.82,0.81,0.82,0.9,0.76,0.91,0.91,0.87,0.84
279,"совок (для мусора)","word","household",0.05,0,0.11,0.16,0.2,0.2,0.25,0.39,0.37,0.38,0.45,0.45,0.49,0.56,0.69,0.71,0.69,0.64,0.65
280,"соска","word","household",0.29,0.27,0.33,0.4,0.35,0.5,0.61,0.67,0.54,0.65,0.67,0.79,0.65,0.82,0.76,0.65,0.9,0.81,0.94
281,"стакан","word","household",0.05,0.07,0.13,0.26,0.33,0.32,0.39,0.35,0.42,0.48,0.52,0.66,0.56,0.66,0.76,0.76,0.86,0.79,0.71
282,"стиральная машина","word","household",0,0.05,0.04,0.37,0.1,0.3,0.38,0.42,0.37,0.52,0.47,0.48,0.57,0.64,0.65,0.73,0.67,0.7,0.78
283,"сумка","word","household",0.14,0.17,0.22,0.37,0.41,0.48,0.52,0.71,0.58,0.67,0.73,0.86,0.74,0.85,0.85,0.89,0.91,0.85,0.96
284,"таблетка","word","household",0.05,0.07,0.07,0.26,0.18,0.25,0.41,0.42,0.37,0.58,0.55,0.71,0.66,0.72,0.73,0.73,0.84,0.81,0.82
285,"таз","word","household",0.1,0.07,0.16,0.16,0.18,0.25,0.28,0.3,0.33,0.42,0.4,0.52,0.48,0.54,0.65,0.64,0.66,0.68,0.65
286,"тарелка","word","household",0.1,0.1,0.22,0.42,0.41,0.45,0.52,0.58,0.67,0.7,0.73,0.83,0.78,0.87,0.85,0.89,0.91,0.89,0.96
287,"телевизор","word","household",0.05,0.15,0.2,0.42,0.41,0.45,0.54,0.62,0.6,0.65,0.72,0.83,0.77,0.82,0.87,0.89,0.93,0.85,0.92
288,"телефон","word","household",0.1,0.2,0.22,0.44,0.43,0.57,0.57,0.58,0.63,0.63,0.77,0.86,0.84,0.89,0.91,0.91,0.93,0.94,0.96
289,"тряпка","word","household",0.14,0.07,0.16,0.37,0.31,0.29,0.49,0.5,0.48,0.62,0.72,0.74,0.65,0.79,0.87,0.78,0.86,0.83,0.8
290,"утюг","word","household",0.07,0.17,0.31,0.33,0.39,0.48,0.51,0.44,0.62,0.62,0.63,0.72,0.68,0.79,0.73,0.8,0.91,0.83,0.88
291,"фотоаппарат","word","household",0.02,0.1,0.07,0.16,0.08,0.12,0.25,0.26,0.29,0.42,0.43,0.59,0.51,0.61,0.6,0.6,0.59,0.68,0.67
292,"холодильник","word","household",0.02,0.05,0.11,0.23,0.29,0.32,0.41,0.38,0.44,0.53,0.57,0.74,0.6,0.8,0.71,0.8,0.86,0.77,0.78
293,"чайник","word","household",0.07,0.17,0.2,0.4,0.37,0.3,0.48,0.48,0.48,0.65,0.7,0.88,0.66,0.82,0.8,0.8,0.9,0.83,0.86
294,"часы","word","household",0.19,0.2,0.27,0.42,0.51,0.55,0.59,0.61,0.67,0.75,0.8,0.91,0.83,0.89,0.85,0.85,0.93,0.89,0.96
295,"чашка","word","household",0.14,0.12,0.18,0.47,0.41,0.57,0.56,0.64,0.62,0.73,0.75,0.74,0.74,0.82,0.85,0.91,0.86,0.85,0.82
296,"шампунь","word","household",0.02,0.05,0.09,0.19,0.2,0.2,0.39,0.3,0.37,0.43,0.62,0.69,0.61,0.69,0.69,0.75,0.83,0.83,0.71
297,"швабра","word","household",0.07,0.05,0.07,0.14,0.18,0.09,0.16,0.24,0.25,0.3,0.38,0.52,0.4,0.56,0.55,0.64,0.52,0.53,0.55
298,"балкон","word","furniture_rooms",0.1,0.02,0.11,0.19,0.22,0.3,0.28,0.26,0.25,0.4,0.45,0.4,0.43,0.66,0.6,0.56,0.6,0.68,0.63
299,"ванна","word","furniture_rooms",0.07,0.1,0.2,0.33,0.45,0.41,0.49,0.52,0.54,0.67,0.77,0.79,0.74,0.87,0.8,0.89,0.93,0.87,0.92
300,"дверь","word","furniture_rooms",0.1,0.22,0.31,0.44,0.51,0.64,0.67,0.76,0.67,0.72,0.82,0.93,0.91,0.9,0.87,0.89,0.91,0.91,0.92
301,"диван","word","furniture_rooms",0.1,0.17,0.22,0.33,0.43,0.39,0.39,0.5,0.5,0.62,0.68,0.76,0.79,0.87,0.78,0.91,0.9,0.87,0.9
302,"душ","word","furniture_rooms",0.05,0.07,0.09,0.16,0.2,0.18,0.3,0.26,0.46,0.32,0.37,0.36,0.43,0.48,0.38,0.35,0.36,0.4,0.61
303,"зеркало","word","furniture_rooms",0.07,0.15,0.13,0.21,0.24,0.38,0.38,0.42,0.48,0.53,0.62,0.76,0.64,0.77,0.76,0.84,0.86,0.79,0.84
304,"ковер","word","furniture_rooms",0.05,0.1,0.07,0.3,0.22,0.21,0.3,0.44,0.42,0.52,0.48,0.62,0.62,0.7,0.73,0.73,0.78,0.83,0.76
305,"комната","word","furniture_rooms",0.05,0.12,0.11,0.28,0.39,0.34,0.39,0.47,0.58,0.6,0.6,0.62,0.69,0.79,0.76,0.84,0.9,0.85,0.86
306,"коридор","word","furniture_rooms",0.02,0.02,0.09,0.21,0.29,0.27,0.31,0.32,0.25,0.53,0.65,0.59,0.61,0.74,0.71,0.8,0.81,0.74,0.73
307,"кран","word","furniture_rooms",0.12,0.12,0.13,0.19,0.24,0.21,0.34,0.3,0.52,0.35,0.37,0.41,0.47,0.49,0.45,0.4,0.41,0.43,0.67
308,"кресло","word","furniture_rooms",0.02,0.15,0.09,0.14,0.22,0.21,0.34,0.39,0.33,0.5,0.53,0.62,0.57,0.62,0.69,0.75,0.72,0.7,0.71
309,"кровать","word","furniture_rooms",0.12,0.17,0.29,0.35,0.41,0.55,0.52,0.65,0.65,0.68,0.73,0.81,0.77,0.84,0.76,0.87,0.91,0.89,0.94
310,"кухня","word","furniture_rooms",0.1,0.12,0.11,0.23,0.29,0.3,0.43,0.42,0.52,0.52,0.67,0.69,0.69,0.79,0.78,0.78,0.86,0.79,0.84
311,"лестница","word","furniture_rooms",0.05,0.05,0.11,0.33,0.27,0.41,0.39,0.48,0.4,0.53,0.63,0.79,0.7,0.77,0.84,0.84,0.84,0.85,0.86
312,"лифт","word","furniture_rooms",0.12,0.1,0.13,0.3,0.27,0.36,0.34,0.47,0.5,0.57,0.63,0.64,0.62,0.75,0.75,0.78,0.79,0.81,0.9
313,"манеж","word","furniture_rooms",0.02,0,0,0.09,0.12,0.07,0.07,0.23,0.06,0.32,0.3,0.38,0.32,0.36,0.45,0.51,0.55,0.57,0.45
314,"мебель","word","furniture_rooms",0,0.02,0.02,0.14,0.12,0.2,0.18,0.23,0.12,0.4,0.37,0.52,0.43,0.54,0.58,0.58,0.6,0.66,0.65
315,"окно","word","furniture_rooms",0.07,0.17,0.24,0.35,0.29,0.36,0.39,0.48,0.63,0.48,0.58,0.57,0.58,0.7,0.53,0.67,0.59,0.66,0.82
316,"печка","word","furniture_rooms",0,0.05,0.07,0.14,0.1,0.16,0.2,0.18,0.17,0.4,0.33,0.48,0.39,0.41,0.53,0.51,0.57,0.57,0.57
317,"пол","word","furniture_rooms",0.05,0.12,0.2,0.44,0.41,0.5,0.51,0.7,0.6,0.68,0.75,0.84,0.74,0.85,0.91,0.84,0.91,0.85,0.92
318,"стол","word","furniture_rooms",0.12,0.17,0.24,0.28,0.39,0.5,0.48,0.52,0.77,0.55,0.58,0.76,0.7,0.79,0.73,0.84,0.74,0.83,0.86
319,"стул","word","furniture_rooms",0.17,0.27,0.33,0.44,0.55,0.57,0.64,0.77,0.73,0.73,0.8,0.86,0.86,0.93,0.93,0.95,0.97,0.96,0.98
320,"ступеньки","word","furniture_rooms",0.05,0.07,0.18,0.37,0.22,0.41,0.31,0.48,0.33,0.57,0.62,0.72,0.71,0.77,0.82,0.76,0.83,0.81,0.78
321,"туалет","word","furniture_rooms",0.07,0.17,0.18,0.35,0.39,0.43,0.43,0.62,0.58,0.68,0.77,0.84,0.75,0.9,0.89,0.85,0.91,0.94,0.88
322,"шкаф","word","furniture_rooms",0.12,0.1,0.11,0.33,0.29,0.27,0.39,0.42,0.52,0.6,0.63,0.69,0.65,0.69,0.69,0.85,0.81,0.81,0.78
323,"береза","word","outside",0.02,0,0.07,0.14,0.04,0.2,0.13,0.09,0.19,0.3,0.33,0.31,0.34,0.41,0.55,0.51,0.41,0.49,0.53
324,"ветер","word","outside",0.07,0.07,0.2,0.3,0.31,0.48,0.54,0.53,0.52,0.6,0.75,0.79,0.81,0.82,0.87,0.89,0.9,0.94,0.86
325,"грязь","word","outside",0.19,0.2,0.33,0.37,0.51,0.52,0.66,0.7,0.75,0.7,0.75,0.86,0.86,0.9,0.82,0.91,0.9,0.94,0.96
326,"дерево","word","outside",0.1,0.17,0.27,0.49,0.39,0.5,0.56,0.64,0.62,0.6,0.72,0.86,0.82,0.89,0.8,0.96,0.93,0.91,0.9
327,"дождь","word","outside",0.05,0.17,0.29,0.37,0.45,0.54,0.59,0.64,0.73,0.7,0.8,0.91,0.84,0.93,0.89,0.93,0.95,0.96,0.98
328,"дорога","word","outside",0,0.02,0.16,0.3,0.35,0.3,0.43,0.53,0.44,0.57,0.67,0.79,0.75,0.84,0.78,0.91,0.9,0.89,0.92
329,"дрова","word","outside",0,0,0.04,0.05,0.04,0.11,0.13,0.15,0.17,0.25,0.3,0.34,0.31,0.43,0.51,0.51,0.43,0.55,0.47
330,"елка","word","outside",0.12,0.12,0.33,0.4,0.47,0.48,0.64,0.65,0.6,0.7,0.72,0.86,0.81,0.92,0.85,0.91,0.91,0.89,0.9
331,"звезда","word","outside",0,0.02,0.09,0.26,0.22,0.23,0.31,0.3,0.33,0.43,0.47,0.5,0.57,0.62,0.65,0.71,0.76,0.68,0.67
332,"камень","word","outside",0.1,0.1,0.16,0.47,0.37,0.45,0.49,0.55,0.56,0.55,0.73,0.79,0.78,0.84,0.84,0.82,0.84,0.87,0.92
333,"колодец","word","outside",0,0,0.02,0.07,0.02,0.05,0.05,0.06,0.1,0.18,0.23,0.33,0.23,0.33,0.36,0.35,0.47,0.47,0.43
334,"куст","word","outside",0,0.05,0.09,0.19,0.16,0.2,0.23,0.21,0.17,0.37,0.5,0.45,0.39,0.54,0.64,0.64,0.71,0.66,0.69
335,"лед","word","outside",0.07,0.05,0.07,0.19,0.22,0.29,0.38,0.33,0.33,0.47,0.43,0.55,0.58,0.74,0.67,0.78,0.84,0.72,0.8
336,"лужа","word","outside",0.07,0.15,0.27,0.4,0.55,0.61,0.64,0.73,0.65,0.67,0.8,0.91,0.83,0.92,0.91,0.95,0.95,0.94,0.96
337,"луна","word","outside",0.02,0.1,0.18,0.33,0.33,0.32,0.59,0.48,0.48,0.57,0.65,0.66,0.69,0.75,0.78,0.82,0.84,0.79,0.94
338,"мороз","word","outside",0,0.07,0.04,0.16,0.2,0.25,0.36,0.33,0.29,0.55,0.42,0.53,0.53,0.62,0.71,0.82,0.74,0.72,0.78
339,"небо","word","outside",0,0.17,0.18,0.26,0.31,0.39,0.49,0.48,0.44,0.52,0.72,0.74,0.73,0.8,0.82,0.85,0.9,0.89,0.88
340,"палка","word","outside",0.19,0.17,0.29,0.53,0.49,0.61,0.62,0.7,0.65,0.65,0.78,0.86,0.86,0.89,0.91,0.87,0.97,0.89,0.94
341,"парник","word","outside",0,0,0.02,0.02,0.02,0.05,0.07,0.03,0.06,0.15,0.23,0.26,0.17,0.16,0.27,0.33,0.24,0.4,0.24
342,"песок","word","outside",0.07,0.12,0.18,0.42,0.45,0.5,0.51,0.58,0.6,0.6,0.72,0.83,0.77,0.82,0.87,0.85,0.97,0.94,0.94
343,"скамейка","word","outside",0,0,0.11,0.3,0.24,0.23,0.31,0.41,0.29,0.43,0.58,0.66,0.61,0.69,0.76,0.75,0.84,0.74,0.78
344,"снег","word","outside",0.07,0.22,0.24,0.56,0.51,0.57,0.66,0.76,0.6,0.75,0.78,0.88,0.87,0.95,0.89,0.93,0.97,0.91,1
345,"снеговик","word","outside",0.02,0.05,0.07,0.23,0.14,0.21,0.28,0.35,0.27,0.45,0.5,0.6,0.55,0.67,0.64,0.73,0.79,0.74,0.82
346,"солнце","word","outside",0.05,0.12,0.2,0.47,0.53,0.55,0.52,0.67,0.6,0.65,0.78,0.91,0.83,0.9,0.89,0.91,0.97,0.94,0.94
347,"сосна","word","outside",0,0.02,0.04,0.09,0.06,0.09,0.13,0.12,0.1,0.22,0.23,0.22,0.23,0.28,0.47,0.44,0.36,0.47,0.39
348,"сосулька","word","outside",0.02,0.02,0.02,0.19,0.1,0.14,0.18,0.2,0.15,0.3,0.38,0.4,0.38,0.51,0.6,0.64,0.67,0.64,0.69
349,"трава","word","outside",0.02,0.05,0.09,0.35,0.33,0.5,0.52,0.64,0.54,0.57,0.7,0.76,0.82,0.75,0.84,0.87,0.91,0.91,0.9
350,"цветы","word","outside",0.12,0.17,0.27,0.47,0.51,0.62,0.62,0.68,0.73,0.65,0.75,0.88,0.83,0.87,0.91,0.91,0.93,0.94,0.94
351,"облако","word","outside",0,0.07,0.13,0.23,0.31,0.3,0.38,0.33,0.46,0.48,0.53,0.55,0.6,0.67,0.62,0.69,0.83,0.72,0.88
352,"баня","word","places",0.02,0.02,0.02,0.14,0.14,0.21,0.16,0.2,0.19,0.27,0.28,0.36,0.29,0.43,0.29,0.42,0.48,0.4,0.43
353,"бассейн","word","places",0.05,0.02,0,0.14,0.12,0.2,0.16,0.23,0.21,0.25,0.3,0.34,0.27,0.34,0.35,0.42,0.43,0.53,0.59
354,"гараж","word","places",0.05,0,0.04,0.12,0.12,0.2,0.31,0.32,0.29,0.42,0.43,0.6,0.45,0.49,0.45,0.58,0.52,0.55,0.55
355,"горка","word","places",0.19,0.27,0.29,0.58,0.53,0.68,0.7,0.79,0.65,0.8,0.78,0.91,0.81,0.93,0.89,0.98,0.93,0.94,0.88
356,"город","word","places",0.02,0.05,0.04,0.07,0.08,0.18,0.16,0.24,0.27,0.37,0.43,0.48,0.49,0.54,0.67,0.64,0.64,0.64,0.8
357,"гости","word","places",0.1,0.15,0.16,0.4,0.41,0.43,0.46,0.64,0.56,0.7,0.73,0.79,0.74,0.79,0.84,0.84,0.86,0.89,0.88
358,"группа","word","places",0.02,0.02,0.02,0.09,0.1,0.12,0.18,0.23,0.15,0.42,0.35,0.28,0.48,0.36,0.65,0.65,0.53,0.66,0.67
359,"дача","word","places",0.05,0.07,0.13,0.14,0.24,0.23,0.33,0.32,0.38,0.45,0.48,0.69,0.61,0.69,0.73,0.71,0.76,0.74,0.84
360,"двор","word","places",0,0,0.09,0.07,0.1,0.18,0.18,0.3,0.25,0.38,0.42,0.55,0.49,0.59,0.67,0.69,0.53,0.68,0.76
361,"детский сад","word","places",0,0.1,0.07,0.26,0.2,0.32,0.38,0.41,0.44,0.6,0.6,0.67,0.73,0.62,0.8,0.84,0.83,0.79,0.82
362,"дом","word","places",0.14,0.17,0.42,0.51,0.63,0.64,0.75,0.89,0.85,0.85,0.83,0.97,0.92,0.9,0.91,0.95,0.98,0.94,0.96
363,"зоопарк","word","places",0.05,0,0.02,0.07,0.06,0.21,0.21,0.15,0.23,0.33,0.42,0.5,0.44,0.52,0.69,0.64,0.62,0.64,0.63
364,"качели","word","places",0.19,0.24,0.33,0.53,0.53,0.64,0.62,0.73,0.75,0.7,0.85,0.9,0.86,0.87,0.84,0.96,0.95,0.89,0.96
365,"лес","word","places",0.02,0.02,0.13,0.21,0.24,0.27,0.36,0.41,0.38,0.58,0.55,0.57,0.61,0.79,0.75,0.71,0.86,0.7,0.73
366,"магазин","word","places",0.19,0.12,0.2,0.44,0.41,0.54,0.54,0.59,0.71,0.82,0.78,0.91,0.82,0.87,0.87,0.91,0.97,0.91,0.92
367,"озеро","word","places",0,0.02,0.07,0.09,0.02,0.11,0.13,0.17,0.17,0.25,0.28,0.41,0.32,0.44,0.51,0.45,0.48,0.66,0.63
368,"парк","word","places",0.05,0.05,0.13,0.3,0.18,0.34,0.33,0.36,0.38,0.53,0.52,0.6,0.47,0.64,0.67,0.65,0.71,0.74,0.86
369,"песочница","word","places",0.07,0.02,0.07,0.26,0.16,0.2,0.26,0.39,0.27,0.5,0.48,0.67,0.6,0.57,0.69,0.75,0.71,0.72,0.73
370,"площадка (детская)","word","places",0.12,0.05,0.04,0.33,0.16,0.27,0.28,0.32,0.33,0.45,0.47,0.64,0.6,0.72,0.65,0.84,0.71,0.83,0.82
371,"работа","word","places",0.1,0.02,0.07,0.23,0.33,0.39,0.49,0.53,0.52,0.67,0.65,0.84,0.62,0.85,0.76,0.82,0.79,0.79,0.8
372,"река","word","places",0,0.02,0.09,0.19,0.14,0.25,0.26,0.35,0.42,0.48,0.4,0.53,0.57,0.62,0.64,0.75,0.76,0.62,0.73
373,"сад/садик","word","places",0.05,0.05,0.13,0.21,0.37,0.3,0.46,0.5,0.4,0.58,0.53,0.66,0.61,0.75,0.67,0.8,0.74,0.77,0.8
374,"улица","word","places",0.17,0.07,0.11,0.28,0.29,0.32,0.43,0.45,0.54,0.55,0.7,0.67,0.7,0.79,0.71,0.84,0.9,0.87,0.88
375,"церковь","word","places",0.02,0,0.11,0.12,0.06,0.14,0.11,0.12,0.21,0.27,0.23,0.28,0.25,0.36,0.35,0.45,0.33,0.34,0.51
376,"мама","word","people",1,0.98,0.96,0.95,1,1,0.98,1,1,1,0.95,1,0.99,1,0.98,0.98,1,1,1
377,"папа","word","people",0.98,0.85,0.93,0.95,0.96,0.98,0.97,0.98,1,0.97,0.93,1,0.96,1,0.89,0.95,0.97,1,1
378,"бабушка","word","people",0.83,0.8,0.84,0.86,0.94,0.95,0.9,0.98,0.98,0.97,1,0.98,0.96,0.98,0.98,0.98,0.98,0.96,1
379,"дедушка","word","people",0.52,0.59,0.6,0.72,0.88,0.73,0.75,0.88,0.85,0.95,0.88,0.86,0.87,0.92,0.85,0.87,0.88,0.91,0.98
380,"брат","word","people",0.07,0.1,0.09,0.14,0.2,0.21,0.34,0.32,0.33,0.45,0.43,0.38,0.44,0.64,0.67,0.56,0.53,0.68,0.69
381,"сестра","word","people",0.02,0,0.13,0.12,0.1,0.11,0.3,0.14,0.25,0.37,0.23,0.31,0.27,0.39,0.49,0.45,0.53,0.57,0.65
382,"дочка","word","people",0.02,0.07,0.11,0.19,0.2,0.29,0.25,0.33,0.31,0.45,0.42,0.53,0.48,0.51,0.6,0.6,0.59,0.53,0.73
383,"сын","word","people",0,0.05,0.09,0.16,0.16,0.16,0.28,0.29,0.29,0.35,0.4,0.48,0.34,0.57,0.58,0.58,0.55,0.64,0.71
384,"воспитательница","word","people",0,0.02,0.02,0.05,0.04,0.07,0.18,0.2,0.21,0.28,0.23,0.26,0.42,0.43,0.58,0.6,0.57,0.6,0.73
385,"няня","word","people",0.17,0.24,0.24,0.21,0.33,0.38,0.39,0.42,0.46,0.53,0.47,0.41,0.4,0.46,0.64,0.53,0.53,0.64,0.65
386,"девочка","word","people",0.14,0.27,0.36,0.58,0.45,0.61,0.66,0.74,0.77,0.75,0.8,0.81,0.83,0.92,0.85,0.91,0.91,0.89,0.92
387,"мальчик","word","people",0.14,0.24,0.29,0.53,0.49,0.64,0.64,0.77,0.75,0.72,0.82,0.86,0.83,0.92,0.89,0.89,0.93,0.96,0.94
388,"малыш","word","people",0.21,0.22,0.31,0.47,0.35,0.45,0.43,0.42,0.48,0.62,0.55,0.62,0.64,0.79,0.76,0.76,0.64,0.79,0.76
389,"ребенок","word","people",0.02,0.02,0.07,0.21,0.14,0.18,0.23,0.3,0.27,0.35,0.33,0.47,0.49,0.52,0.65,0.67,0.67,0.68,0.71
390,"дети","word","people",0.24,0.27,0.31,0.37,0.57,0.52,0.64,0.7,0.65,0.68,0.75,0.81,0.74,0.85,0.8,0.85,0.76,0.85,0.88
391,"гость","word","people",0.1,0,0.04,0.21,0.18,0.14,0.2,0.3,0.27,0.45,0.43,0.53,0.44,0.54,0.71,0.55,0.62,0.66,0.67
392,"друг","word","people",0,0.05,0.04,0.12,0.12,0.16,0.21,0.21,0.27,0.37,0.4,0.43,0.3,0.44,0.67,0.6,0.48,0.72,0.71
393,"подруга","word","people",0,0,0,0.05,0.08,0.07,0.1,0.14,0.12,0.23,0.27,0.19,0.22,0.39,0.55,0.51,0.47,0.47,0.61
394,"дядя","word","people",0.57,0.71,0.8,0.77,0.88,0.88,0.85,0.92,0.94,0.95,0.92,0.98,0.95,1,0.98,0.96,0.97,1,0.98
395,"тетя","word","people",0.52,0.66,0.78,0.72,0.86,0.88,0.8,0.92,0.94,0.97,0.9,0.95,0.94,1,0.96,0.96,0.97,1,0.96
396,"доктор/врач","word","people",0.05,0.07,0.11,0.26,0.33,0.36,0.51,0.55,0.62,0.62,0.75,0.76,0.73,0.72,0.84,0.84,0.84,0.91,0.94
397,"клоун","word","people",0.02,0.02,0.07,0.21,0.14,0.23,0.28,0.17,0.33,0.4,0.43,0.4,0.4,0.52,0.69,0.6,0.59,0.64,0.59
398,"имя ребенка","word","people",0.43,0.44,0.44,0.58,0.73,0.84,0.87,0.89,0.92,0.88,0.85,0.93,0.9,0.97,0.93,0.96,0.97,0.96,0.98
399,"имя мамы","word","people",0.29,0.24,0.49,0.44,0.8,0.75,0.7,0.85,0.81,0.77,0.85,0.93,0.87,0.95,0.91,0.91,0.95,0.89,0.98
400,"имя папы","word","people",0.17,0.29,0.38,0.44,0.63,0.68,0.66,0.76,0.71,0.73,0.8,0.91,0.78,0.84,0.73,0.87,0.86,0.94,0.9
401,"имя брата","word","people",0.1,0.12,0.09,0.16,0.27,0.25,0.31,0.36,0.31,0.35,0.33,0.36,0.36,0.44,0.51,0.45,0.45,0.6,0.39
402,"имя сестры","word","people",0.1,0.15,0.16,0.23,0.24,0.25,0.34,0.24,0.33,0.35,0.27,0.31,0.3,0.25,0.4,0.42,0.43,0.36,0.45
403,"имя воспитательницы/няни","word","people",0.1,0.1,0.04,0.19,0.14,0.23,0.3,0.33,0.35,0.45,0.42,0.43,0.6,0.59,0.65,0.6,0.67,0.66,0.82
404,"имена знакомых детей","word","people",0.26,0.32,0.53,0.53,0.75,0.73,0.79,0.89,0.85,0.83,0.82,0.93,0.9,0.92,0.89,0.89,0.93,0.87,0.94
405,"клички домаш-них животных","word","people",0.21,0.27,0.33,0.37,0.49,0.52,0.51,0.7,0.6,0.65,0.67,0.76,0.74,0.79,0.85,0.8,0.91,0.74,0.86
406,"люди","word","people",0,0.05,0.11,0.19,0.14,0.16,0.34,0.29,0.27,0.32,0.47,0.52,0.52,0.56,0.64,0.67,0.57,0.6,0.71
407,"человек","word","people",0,0,0.04,0.12,0.1,0.11,0.16,0.15,0.21,0.32,0.38,0.31,0.35,0.44,0.51,0.51,0.43,0.49,0.57
408,"пока","word","games_routines",0.45,0.59,0.67,0.67,0.8,0.79,0.87,0.94,0.98,0.9,0.9,0.97,0.95,0.97,0.87,0.93,1,0.91,0.96
409,"до свидания","word","games_routines",0.02,0.07,0.18,0.26,0.37,0.48,0.46,0.52,0.58,0.67,0.67,0.83,0.7,0.87,0.73,0.89,0.86,0.89,0.9
410,"доброе утро","word","games_routines",0,0.05,0.04,0.09,0.14,0.18,0.18,0.2,0.21,0.35,0.3,0.4,0.42,0.52,0.53,0.6,0.52,0.57,0.61
411,"здравствуй/те","word","games_routines",0.02,0.05,0.13,0.26,0.43,0.5,0.33,0.44,0.54,0.58,0.6,0.64,0.68,0.74,0.82,0.76,0.74,0.81,0.78
412,"привет","word","games_routines",0.07,0.15,0.31,0.4,0.37,0.46,0.54,0.73,0.63,0.65,0.75,0.79,0.79,0.79,0.78,0.8,0.88,0.94,0.9
413,"спокойной ночи","word","games_routines",0.02,0.05,0.11,0.26,0.31,0.38,0.44,0.45,0.58,0.67,0.7,0.74,0.68,0.77,0.8,0.89,0.83,0.85,0.88
414,"cпасибо","word","games_routines",0.14,0.22,0.51,0.49,0.76,0.75,0.72,0.82,0.83,0.85,0.9,0.95,0.87,0.95,0.91,0.95,0.97,1,1
415,"пожалуйста","word","games_routines",0.05,0.1,0.13,0.16,0.29,0.39,0.39,0.42,0.54,0.68,0.67,0.66,0.77,0.77,0.8,0.89,0.88,0.85,0.86
416,"нельзя","word","games_routines",0.21,0.29,0.44,0.44,0.55,0.7,0.7,0.76,0.79,0.78,0.73,0.88,0.83,0.89,0.95,0.91,0.91,0.98,0.9
417,"можно","word","games_routines",0.1,0.17,0.27,0.26,0.33,0.52,0.57,0.58,0.56,0.67,0.75,0.84,0.78,0.87,0.91,0.87,0.9,0.89,0.92
418,"не буду","word","games_routines",0.12,0.1,0.24,0.33,0.41,0.48,0.59,0.74,0.63,0.72,0.72,0.83,0.78,0.84,0.85,0.84,0.9,0.98,0.94
419,"не хочу","word","games_routines",0.07,0.12,0.22,0.28,0.41,0.45,0.54,0.64,0.71,0.7,0.68,0.84,0.79,0.9,0.85,0.87,0.91,1,0.96
420,"да","word","games_routines",0.52,0.66,0.8,0.77,0.84,0.91,0.89,0.91,0.88,0.98,0.95,0.97,0.96,1,0.96,0.95,0.98,1,1
421,"нет (routine)","word","games_routines",0.4,0.56,0.76,0.72,0.9,0.89,0.89,0.94,0.9,0.93,0.95,1,0.97,0.98,0.96,0.95,1,0.98,1
422,"давай (напр. давай пойдем)","word","games_routines",0.12,0.24,0.22,0.16,0.39,0.38,0.57,0.5,0.56,0.57,0.68,0.78,0.71,0.85,0.76,0.87,0.86,0.94,0.86
423,"пусть/пускай","word","games_routines",0,0,0.07,0.14,0.14,0.18,0.2,0.24,0.31,0.35,0.43,0.53,0.45,0.46,0.6,0.6,0.6,0.68,0.63
424,"завтрак","word","games_routines",0,0.02,0.07,0.09,0.1,0.12,0.16,0.14,0.19,0.35,0.32,0.4,0.39,0.54,0.6,0.6,0.43,0.64,0.78
425,"обед","word","games_routines",0,0.02,0.07,0.09,0.2,0.2,0.26,0.24,0.19,0.4,0.35,0.48,0.42,0.61,0.69,0.65,0.6,0.72,0.8
426,"полдник","word","games_routines",0,0,0.02,0.05,0.04,0.02,0.05,0.03,0.04,0.25,0.2,0.26,0.18,0.31,0.42,0.45,0.29,0.38,0.61
427,"ужин","word","games_routines",0,0,0.07,0.07,0.06,0.12,0.16,0.17,0.13,0.33,0.33,0.4,0.39,0.48,0.55,0.56,0.53,0.53,0.8
428,"кто там?","word","games_routines",0.14,0.2,0.22,0.3,0.39,0.48,0.46,0.59,0.56,0.7,0.68,0.86,0.78,0.87,0.87,0.91,0.91,0.89,0.96
429,"бегать/бежать","word","action_words",0.1,0.2,0.22,0.4,0.49,0.57,0.56,0.71,0.58,0.7,0.73,0.9,0.91,0.9,0.89,0.93,0.93,0.91,0.94
430,"бояться","word","action_words",0.02,0.05,0.16,0.37,0.33,0.41,0.48,0.55,0.54,0.62,0.68,0.76,0.81,0.85,0.8,0.87,0.86,0.91,0.9
431,"брать","word","action_words",0.02,0.12,0.18,0.26,0.29,0.27,0.39,0.48,0.44,0.57,0.65,0.76,0.71,0.74,0.78,0.8,0.72,0.81,0.86
432,"бросать","word","action_words",0,0.2,0.22,0.35,0.37,0.34,0.46,0.55,0.56,0.57,0.77,0.79,0.75,0.89,0.84,0.85,0.86,0.91,0.84
433,"варить","word","action_words",0,0.02,0.07,0.21,0.22,0.23,0.38,0.39,0.33,0.52,0.53,0.72,0.65,0.74,0.69,0.75,0.79,0.81,0.82
434,"взять","word","action_words",0.05,0.17,0.16,0.26,0.25,0.32,0.39,0.44,0.5,0.5,0.65,0.78,0.68,0.79,0.75,0.84,0.84,0.81,0.82
435,"видеть","word","action_words",0,0.05,0.09,0.21,0.2,0.25,0.36,0.38,0.31,0.48,0.52,0.67,0.7,0.7,0.75,0.85,0.9,0.85,0.86
436,"включить","word","action_words",0.07,0.2,0.24,0.4,0.51,0.55,0.64,0.68,0.71,0.73,0.73,0.86,0.84,0.89,0.85,0.93,0.9,0.89,0.96
437,"вставать","word","action_words",0.05,0.17,0.2,0.35,0.43,0.45,0.49,0.61,0.56,0.63,0.7,0.84,0.79,0.82,0.8,0.84,0.88,0.87,0.9
438,"вытирать","word","action_words",0.02,0.07,0.13,0.21,0.25,0.34,0.46,0.5,0.52,0.53,0.65,0.78,0.69,0.79,0.85,0.75,0.86,0.83,0.8
439,"говорить","word","action_words",0.02,0.05,0.11,0.21,0.2,0.27,0.33,0.39,0.42,0.48,0.62,0.66,0.73,0.77,0.8,0.85,0.86,0.85,0.82
440,"гулять","word","action_words",0.29,0.34,0.36,0.56,0.67,0.68,0.77,0.82,0.73,0.87,0.8,0.95,0.9,0.98,0.95,0.96,0.98,0.94,1
441,"дать","word","action_words",0.55,0.59,0.71,0.74,0.75,0.79,0.84,0.83,0.88,0.83,0.83,0.93,0.96,0.95,0.89,0.95,0.97,0.96,0.92
442,"делать","word","action_words",0,0.05,0.09,0.21,0.22,0.3,0.34,0.44,0.48,0.48,0.55,0.72,0.77,0.77,0.78,0.82,0.84,0.87,0.84
443,"достать","word","action_words",0,0.02,0.2,0.28,0.22,0.29,0.41,0.42,0.42,0.57,0.63,0.67,0.69,0.77,0.8,0.78,0.81,0.79,0.82
444,"дуть","word","action_words",0.05,0.12,0.18,0.37,0.35,0.45,0.56,0.56,0.54,0.65,0.73,0.81,0.77,0.77,0.82,0.85,0.9,0.85,0.88
445,"есть","word","action_words",0.07,0.2,0.24,0.33,0.41,0.43,0.56,0.53,0.63,0.62,0.67,0.79,0.79,0.85,0.85,0.87,0.95,0.96,0.94
446,"ездить/ехать","word","action_words",0.05,0.05,0.13,0.37,0.31,0.46,0.51,0.55,0.6,0.63,0.7,0.78,0.75,0.87,0.82,0.93,0.88,0.89,0.86
447,"ждать","word","action_words",0,0,0.04,0.14,0.08,0.11,0.16,0.2,0.23,0.37,0.47,0.52,0.53,0.59,0.67,0.82,0.72,0.74,0.78
448,"закрыть","word","action_words",0.05,0.2,0.18,0.37,0.45,0.43,0.57,0.64,0.58,0.7,0.82,0.84,0.92,0.87,0.78,0.89,0.88,0.87,0.92
449,"залезть","word","action_words",0.02,0.07,0.13,0.26,0.18,0.23,0.33,0.41,0.37,0.47,0.58,0.67,0.65,0.69,0.67,0.87,0.86,0.83,0.71
450,"звать","word","action_words",0,0,0.07,0.12,0.18,0.14,0.26,0.32,0.25,0.42,0.47,0.62,0.57,0.64,0.69,0.82,0.74,0.81,0.76
451,"звонить","word","action_words",0.02,0.15,0.11,0.26,0.25,0.38,0.46,0.5,0.54,0.55,0.67,0.78,0.74,0.85,0.76,0.8,0.9,0.89,0.98
452,"играть","word","action_words",0.02,0.17,0.2,0.42,0.49,0.59,0.7,0.7,0.75,0.75,0.75,0.97,0.88,0.95,0.95,0.96,0.95,0.96,0.98
453,"идти/пойти","word","action_words",0.17,0.39,0.49,0.51,0.63,0.64,0.74,0.7,0.75,0.78,0.77,0.9,0.91,0.95,0.87,0.93,0.93,0.96,0.92
454,"искать","word","action_words",0,0.02,0.07,0.16,0.22,0.29,0.33,0.44,0.46,0.52,0.6,0.64,0.68,0.74,0.67,0.8,0.72,0.81,0.8
455,"какать","word","action_words",0.19,0.32,0.38,0.58,0.55,0.64,0.69,0.8,0.77,0.8,0.8,0.95,0.94,0.93,0.91,0.93,0.88,0.96,0.96
456,"капать","word","action_words",0.07,0.2,0.2,0.42,0.25,0.41,0.44,0.47,0.54,0.55,0.62,0.72,0.68,0.67,0.8,0.69,0.81,0.81,0.78
457,"катать/кататься","word","action_words",0.12,0.17,0.22,0.47,0.47,0.52,0.54,0.59,0.58,0.68,0.75,0.93,0.79,0.84,0.82,0.93,0.91,0.94,0.9
458,"качать/качаться","word","action_words",0.17,0.2,0.31,0.37,0.37,0.59,0.56,0.61,0.65,0.68,0.72,0.93,0.87,0.89,0.84,0.93,0.88,0.89,0.88
459,"кидать","word","action_words",0.07,0.1,0.11,0.23,0.2,0.23,0.39,0.52,0.52,0.48,0.6,0.72,0.69,0.79,0.76,0.85,0.86,0.89,0.86
460,"класть","word","action_words",0,0.07,0.02,0.16,0.16,0.11,0.23,0.29,0.25,0.38,0.35,0.62,0.48,0.54,0.6,0.64,0.69,0.68,0.67
461,"копать","word","action_words",0.1,0.17,0.18,0.44,0.35,0.5,0.56,0.59,0.6,0.68,0.63,0.84,0.73,0.89,0.8,0.78,0.91,0.91,0.84
462,"кормить","word","action_words",0.02,0.07,0.11,0.28,0.27,0.41,0.41,0.5,0.56,0.58,0.58,0.76,0.71,0.8,0.87,0.78,0.84,0.89,0.84
463,"красить","word","action_words",0,0.1,0.02,0.12,0.18,0.2,0.3,0.33,0.38,0.52,0.47,0.66,0.62,0.74,0.75,0.78,0.81,0.83,0.82
464,"кричать","word","action_words",0.02,0.05,0.09,0.21,0.22,0.34,0.44,0.44,0.46,0.53,0.62,0.74,0.71,0.8,0.78,0.8,0.79,0.87,0.92
465,"купать/купаться","word","action_words",0.1,0.2,0.33,0.4,0.43,0.57,0.62,0.55,0.56,0.7,0.75,0.84,0.83,0.92,0.87,0.87,0.9,0.89,0.96
466,"кусать/кусаться","word","action_words",0.05,0.1,0.09,0.28,0.2,0.34,0.34,0.44,0.46,0.53,0.55,0.67,0.7,0.72,0.75,0.76,0.84,0.89,0.86
467,"кушать","word","action_words",0.07,0.24,0.22,0.4,0.41,0.55,0.57,0.7,0.58,0.68,0.77,0.86,0.86,0.9,0.89,0.95,0.88,0.96,0.94
468,"лежать","word","action_words",0.02,0.1,0.18,0.3,0.37,0.39,0.44,0.5,0.56,0.6,0.65,0.81,0.74,0.79,0.87,0.84,0.88,0.87,0.9
469,"лезть","word","action_words",0,0.02,0.11,0.23,0.12,0.16,0.25,0.27,0.31,0.42,0.47,0.59,0.53,0.66,0.62,0.75,0.69,0.68,0.71
470,"летать/лететь","word","action_words",0,0.02,0.13,0.28,0.25,0.27,0.34,0.29,0.44,0.47,0.5,0.69,0.6,0.7,0.73,0.84,0.78,0.77,0.8
471,"лизать","word","action_words",0.02,0.02,0.02,0.07,0.08,0.09,0.25,0.14,0.15,0.33,0.28,0.45,0.38,0.62,0.62,0.6,0.66,0.57,0.65
472,"ломать","word","action_words",0.05,0.12,0.13,0.28,0.31,0.38,0.48,0.55,0.54,0.55,0.72,0.76,0.73,0.82,0.8,0.89,0.9,0.87,0.88
473,"любить","word","action_words",0.05,0.12,0.2,0.23,0.31,0.45,0.49,0.58,0.62,0.62,0.7,0.86,0.81,0.87,0.84,0.87,0.9,0.94,0.94
474,"мазать","word","action_words",0,0.07,0.09,0.16,0.2,0.27,0.28,0.24,0.25,0.5,0.47,0.57,0.48,0.69,0.6,0.64,0.59,0.77,0.63
475,"мыть/мыться","word","action_words",0.12,0.22,0.22,0.53,0.53,0.73,0.66,0.8,0.73,0.8,0.78,0.93,0.86,0.92,0.87,0.91,0.91,0.96,0.98
476,"назвать/называться","word","action_words",0,0,0,0.14,0,0.05,0.15,0.14,0.15,0.37,0.27,0.31,0.39,0.44,0.47,0.62,0.52,0.51,0.61
477,"нести","word","action_words",0.02,0.07,0.18,0.21,0.14,0.3,0.39,0.42,0.52,0.53,0.55,0.72,0.73,0.74,0.75,0.82,0.88,0.85,0.8
478,"нравиться","word","action_words",0,0.02,0.02,0.21,0.18,0.18,0.3,0.21,0.29,0.33,0.43,0.57,0.57,0.66,0.62,0.73,0.64,0.62,0.65
479,"облить","word","action_words",0,0.02,0.07,0.09,0.18,0.12,0.26,0.18,0.17,0.38,0.42,0.47,0.55,0.52,0.62,0.62,0.71,0.62,0.78
480,"обнимать","word","action_words",0.05,0.1,0.07,0.26,0.22,0.25,0.38,0.47,0.44,0.5,0.63,0.67,0.69,0.77,0.75,0.8,0.79,0.81,0.9
481,"одевать","word","action_words",0.07,0.2,0.27,0.4,0.47,0.52,0.66,0.7,0.63,0.68,0.73,0.93,0.84,0.9,0.84,0.89,0.91,0.89,0.92
482,"открыть","word","action_words",0.12,0.27,0.2,0.44,0.47,0.52,0.61,0.61,0.69,0.75,0.78,0.83,0.9,0.9,0.84,0.91,0.93,0.85,0.94
483,"падать","word","action_words",0.07,0.17,0.27,0.47,0.47,0.55,0.59,0.65,0.71,0.6,0.73,0.74,0.9,0.9,0.82,0.89,0.88,0.91,0.94
484,"петь","word","action_words",0,0.12,0.11,0.26,0.29,0.43,0.36,0.45,0.56,0.55,0.62,0.72,0.7,0.77,0.75,0.8,0.78,0.87,0.94
485,"пúсать","word","action_words",0.21,0.22,0.33,0.53,0.49,0.68,0.69,0.73,0.77,0.82,0.85,0.9,0.9,0.95,0.89,0.91,0.91,0.91,0.94
486,"писáть","word","action_words",0.07,0.1,0.2,0.16,0.18,0.2,0.3,0.3,0.44,0.45,0.48,0.67,0.58,0.7,0.75,0.73,0.69,0.66,0.76
487,"пить","word","action_words",0.36,0.51,0.49,0.56,0.63,0.82,0.9,0.85,0.83,0.95,0.88,0.93,0.96,0.98,0.91,0.96,0.95,0.98,1
488,"плавать/плыть","word","action_words",0,0.15,0.11,0.23,0.2,0.27,0.28,0.35,0.42,0.42,0.38,0.59,0.62,0.62,0.58,0.75,0.74,0.72,0.82
489,"плакать","word","action_words",0.05,0.12,0.16,0.3,0.39,0.5,0.49,0.59,0.63,0.67,0.75,0.79,0.9,0.9,0.89,0.91,0.93,0.91,0.96
490,"подметать","word","action_words",0.02,0.1,0.07,0.21,0.16,0.14,0.26,0.42,0.33,0.52,0.48,0.6,0.6,0.64,0.71,0.73,0.74,0.7,0.78
491,"поймать","word","action_words",0,0.02,0.11,0.19,0.16,0.14,0.3,0.32,0.35,0.47,0.53,0.6,0.56,0.64,0.73,0.8,0.74,0.72,0.78
492,"показать","word","action_words",0,0.02,0.16,0.09,0.18,0.21,0.21,0.3,0.29,0.4,0.48,0.57,0.61,0.74,0.67,0.8,0.78,0.68,0.82
493,"покупать","word","action_words",0.02,0,0.09,0.28,0.25,0.36,0.36,0.47,0.56,0.53,0.68,0.76,0.69,0.8,0.75,0.91,0.88,0.85,0.9
494,"положить","word","action_words",0,0.07,0.11,0.28,0.27,0.23,0.38,0.39,0.37,0.52,0.57,0.69,0.73,0.77,0.75,0.85,0.81,0.79,0.78
495,"ползать","word","action_words",0.02,0.02,0.04,0.23,0.16,0.18,0.3,0.33,0.33,0.52,0.5,0.59,0.61,0.69,0.67,0.71,0.81,0.81,0.76
496,"помнить","word","action_words",0,0,0.02,0.07,0,0.05,0.13,0.12,0.1,0.37,0.28,0.33,0.39,0.44,0.47,0.53,0.47,0.55,0.69
497,"помогать","word","action_words",0.02,0.05,0.09,0.19,0.14,0.38,0.33,0.38,0.42,0.57,0.58,0.69,0.73,0.75,0.76,0.78,0.84,0.83,0.84
498,"причесать/причесаться","word","action_words",0.02,0.15,0.11,0.26,0.2,0.38,0.3,0.36,0.35,0.57,0.57,0.71,0.69,0.74,0.78,0.75,0.81,0.83,0.88
499,"прыгать","word","action_words",0.1,0.15,0.22,0.37,0.39,0.57,0.59,0.71,0.63,0.73,0.73,0.83,0.86,0.89,0.87,0.89,0.9,0.91,0.96
500,"прятать/прятаться","word","action_words",0,0.05,0.09,0.28,0.24,0.36,0.41,0.44,0.48,0.47,0.68,0.67,0.71,0.75,0.82,0.82,0.76,0.81,0.84
501,"работать","word","action_words",0,0,0.07,0.21,0.25,0.34,0.41,0.39,0.44,0.57,0.6,0.69,0.74,0.74,0.76,0.78,0.78,0.89,0.88
502,"резать","word","action_words",0.02,0.02,0.07,0.14,0.08,0.12,0.21,0.27,0.27,0.5,0.48,0.62,0.51,0.61,0.71,0.62,0.76,0.77,0.82
503,"рисовать","word","action_words",0.05,0.24,0.11,0.28,0.43,0.54,0.52,0.58,0.58,0.62,0.75,0.91,0.82,0.87,0.87,0.87,0.86,0.94,0.98
504,"сидеть","word","action_words",0.17,0.2,0.31,0.47,0.49,0.64,0.64,0.76,0.71,0.77,0.73,0.88,0.88,0.87,0.82,0.85,0.91,0.91,1
505,"слушать/слышать","word","action_words",0,0.05,0.09,0.19,0.14,0.25,0.36,0.33,0.31,0.47,0.5,0.72,0.7,0.67,0.73,0.8,0.78,0.83,0.88
506,"смеяться","word","action_words",0,0.07,0.09,0.21,0.18,0.25,0.31,0.36,0.31,0.47,0.52,0.55,0.6,0.64,0.75,0.75,0.74,0.89,0.8
507,"смотреть","word","action_words",0,0.15,0.09,0.28,0.31,0.39,0.39,0.55,0.5,0.52,0.68,0.83,0.77,0.82,0.89,0.85,0.86,0.94,0.88
508,"снимать","word","action_words",0.07,0.1,0.13,0.3,0.31,0.48,0.41,0.5,0.54,0.57,0.67,0.76,0.77,0.74,0.75,0.87,0.81,0.81,0.88
509,"собирать","word","action_words",0,0.07,0.07,0.26,0.22,0.16,0.31,0.48,0.38,0.48,0.6,0.6,0.65,0.69,0.76,0.82,0.78,0.83,0.8
510,"спать","word","action_words",0.21,0.49,0.47,0.58,0.76,0.82,0.82,0.85,0.9,0.78,0.87,0.98,0.92,0.97,0.93,0.95,0.95,1,1
511,"ставить","word","action_words",0,0.05,0.07,0.21,0.22,0.12,0.26,0.26,0.33,0.47,0.57,0.57,0.62,0.57,0.78,0.73,0.74,0.74,0.71
512,"стирать","word","action_words",0.02,0.05,0.11,0.23,0.24,0.3,0.36,0.41,0.52,0.55,0.6,0.67,0.68,0.72,0.8,0.75,0.81,0.91,0.8
513,"стоять","word","action_words",0.02,0.1,0.16,0.3,0.35,0.39,0.41,0.47,0.48,0.53,0.58,0.78,0.66,0.72,0.76,0.84,0.83,0.83,0.86
514,"стричь","word","action_words",0,0,0.04,0.09,0.04,0.11,0.18,0.21,0.33,0.43,0.32,0.4,0.56,0.62,0.62,0.56,0.55,0.68,0.69
515,"строить","word","action_words",0,0.02,0.07,0.19,0.31,0.25,0.26,0.44,0.56,0.52,0.7,0.69,0.65,0.75,0.71,0.85,0.83,0.81,0.88
516,"стучать/стучаться","word","action_words",0.1,0.05,0.18,0.28,0.25,0.34,0.36,0.52,0.44,0.52,0.7,0.74,0.74,0.7,0.78,0.76,0.86,0.83,0.86
517,"танцевать","word","action_words",0.05,0.07,0.13,0.19,0.24,0.38,0.39,0.48,0.48,0.52,0.58,0.69,0.65,0.74,0.76,0.78,0.83,0.85,0.88
518,"тащить","word","action_words",0,0.02,0.02,0.09,0.04,0.05,0.15,0.11,0.15,0.32,0.25,0.36,0.35,0.41,0.4,0.56,0.5,0.45,0.53
519,"толкать","word","action_words",0,0.02,0.07,0.14,0.16,0.18,0.31,0.26,0.25,0.42,0.48,0.55,0.6,0.56,0.64,0.71,0.66,0.66,0.78
520,"улыбаться","word","action_words",0,0.02,0.04,0.19,0.14,0.14,0.25,0.26,0.31,0.45,0.47,0.45,0.57,0.54,0.67,0.65,0.64,0.77,0.76
521,"устать","word","action_words",0,0,0.09,0.19,0.22,0.18,0.28,0.36,0.29,0.47,0.55,0.72,0.62,0.7,0.76,0.8,0.83,0.81,0.84
522,"хватать","word","action_words",0,0.02,0.07,0.09,0.08,0.09,0.11,0.17,0.13,0.33,0.27,0.4,0.36,0.48,0.53,0.55,0.47,0.57,0.59
523,"хлопать","word","action_words",0,0.12,0.11,0.19,0.24,0.36,0.38,0.35,0.37,0.53,0.63,0.64,0.64,0.7,0.8,0.69,0.83,0.74,0.9
524,"хотеть","word","action_words",0.02,0.07,0.13,0.19,0.22,0.23,0.38,0.44,0.48,0.57,0.57,0.69,0.75,0.74,0.76,0.8,0.86,0.87,0.82
525,"ходить","word","action_words",0,0.05,0.09,0.23,0.24,0.34,0.3,0.45,0.44,0.57,0.67,0.72,0.73,0.7,0.78,0.85,0.84,0.89,0.9
526,"целовать","word","action_words",0.05,0.12,0.16,0.28,0.27,0.39,0.44,0.5,0.44,0.57,0.7,0.74,0.71,0.72,0.82,0.87,0.81,0.89,0.96
527,"чистить","word","action_words",0.02,0.07,0.07,0.14,0.22,0.2,0.34,0.36,0.25,0.52,0.55,0.57,0.6,0.67,0.64,0.71,0.72,0.74,0.71
528,"читать","word","action_words",0.12,0.22,0.2,0.33,0.45,0.57,0.59,0.68,0.69,0.67,0.75,0.91,0.78,0.84,0.85,0.87,0.88,0.91,0.88
529,"чихать","word","action_words",0,0.05,0.09,0.16,0.16,0.12,0.18,0.32,0.31,0.42,0.47,0.53,0.52,0.64,0.67,0.69,0.69,0.74,0.78
530,"щекотать","word","action_words",0,0.02,0.04,0.19,0.12,0.18,0.18,0.24,0.25,0.38,0.37,0.48,0.44,0.64,0.55,0.62,0.6,0.7,0.67
531,"больной","word","descriptive_words (adjectives)",0.02,0.05,0.02,0.12,0.12,0.12,0.3,0.26,0.29,0.45,0.47,0.43,0.45,0.59,0.71,0.64,0.69,0.7,0.69
532,"большой","word","descriptive_words (adjectives)",0.17,0.27,0.31,0.51,0.63,0.73,0.67,0.71,0.67,0.73,0.83,0.91,0.9,0.93,0.96,0.93,0.95,0.94,1
533,"быстрый","word","descriptive_words (adjectives)",0,0,0.02,0.09,0.1,0.09,0.13,0.14,0.13,0.32,0.38,0.38,0.39,0.43,0.45,0.56,0.48,0.53,0.61
534,"веселый","word","descriptive_words (adjectives)",0,0,0.09,0.09,0.08,0.12,0.21,0.21,0.21,0.43,0.38,0.36,0.32,0.56,0.62,0.58,0.6,0.62,0.71
535,"вкусный","word","descriptive_words (adjectives)",0.07,0.15,0.16,0.26,0.37,0.45,0.56,0.56,0.5,0.63,0.73,0.79,0.81,0.87,0.84,0.91,0.88,0.91,0.98
536,"высокий","word","descriptive_words (adjectives)",0,0,0.09,0.14,0.08,0.25,0.16,0.21,0.29,0.42,0.4,0.38,0.51,0.51,0.6,0.62,0.62,0.62,0.71
537,"голодный","word","descriptive_words (adjectives)",0,0,0.04,0.14,0.14,0.09,0.18,0.2,0.17,0.4,0.35,0.34,0.35,0.49,0.53,0.53,0.6,0.53,0.65
538,"голый","word","descriptive_words (adjectives)",0.02,0.12,0.09,0.19,0.37,0.34,0.39,0.58,0.48,0.6,0.7,0.76,0.6,0.74,0.73,0.76,0.84,0.79,0.84
539,"горький","word","descriptive_words (adjectives)",0.05,0.02,0.13,0.09,0.24,0.29,0.26,0.36,0.35,0.47,0.52,0.6,0.56,0.75,0.65,0.71,0.67,0.7,0.82
540,"горячий","word","descriptive_words (adjectives)",0.24,0.32,0.33,0.4,0.65,0.64,0.72,0.79,0.81,0.77,0.82,0.84,0.88,0.9,0.93,0.93,0.93,0.89,0.98
541,"громкий","word","descriptive_words (adjectives)",0,0.02,0.02,0.21,0.1,0.14,0.25,0.35,0.31,0.42,0.52,0.48,0.57,0.61,0.69,0.76,0.59,0.72,0.78
542,"грязный","word","descriptive_words (adjectives)",0.05,0.17,0.2,0.37,0.47,0.54,0.57,0.65,0.67,0.68,0.72,0.86,0.86,0.9,0.84,0.91,0.93,0.91,0.94
543,"длинный","word","descriptive_words (adjectives)",0,0,0.04,0.07,0.04,0.05,0.15,0.12,0.17,0.33,0.43,0.5,0.36,0.46,0.56,0.56,0.55,0.57,0.69
544,"добрый","word","descriptive_words (adjectives)",0,0,0.07,0.14,0.06,0.16,0.2,0.23,0.21,0.4,0.43,0.48,0.44,0.54,0.71,0.58,0.64,0.74,0.71
545,"игрушечный","word","descriptive_words (adjectives)",0,0,0,0.09,0,0.04,0.1,0.14,0.08,0.22,0.17,0.29,0.16,0.34,0.47,0.49,0.41,0.38,0.55
546,"кислый","word","descriptive_words (adjectives)",0,0.1,0.09,0.23,0.31,0.36,0.38,0.44,0.25,0.47,0.55,0.59,0.6,0.72,0.6,0.62,0.72,0.7,0.8
547,"короткий","word","descriptive_words (adjectives)",0,0,0.02,0.07,0.02,0.04,0.08,0.09,0.12,0.22,0.22,0.28,0.25,0.36,0.4,0.42,0.31,0.51,0.55
548,"красивый","word","descriptive_words (adjectives)",0.05,0.12,0.18,0.37,0.41,0.45,0.56,0.59,0.5,0.6,0.77,0.83,0.81,0.89,0.85,0.93,0.86,0.89,0.96
549,"маленький","word","descriptive_words (adjectives)",0.14,0.12,0.24,0.47,0.49,0.61,0.51,0.61,0.77,0.68,0.85,0.84,0.9,0.93,0.89,0.93,0.9,0.96,0.96
550,"медленный","word","descriptive_words (adjectives)",0.02,0.05,0.07,0.12,0.18,0.14,0.21,0.2,0.21,0.3,0.23,0.26,0.31,0.51,0.44,0.49,0.33,0.49,0.53
551,"мокрый","word","descriptive_words (adjectives)",0.07,0.2,0.16,0.33,0.41,0.45,0.43,0.56,0.5,0.63,0.68,0.81,0.75,0.67,0.8,0.8,0.76,0.87,0.84
552,"мягкий","word","descriptive_words (adjectives)",0,0.02,0.16,0.26,0.18,0.25,0.31,0.33,0.29,0.42,0.53,0.57,0.58,0.66,0.67,0.69,0.83,0.7,0.78
553,"настоящий","word","descriptive_words (adjectives)",0.02,0,0,0.12,0,0.02,0.03,0.03,0.02,0.17,0.12,0.22,0.22,0.28,0.36,0.4,0.31,0.28,0.33
554,"непослушный","word","descriptive_words (adjectives)",0,0,0,0.07,0.02,0.12,0.11,0.15,0.06,0.35,0.32,0.41,0.44,0.51,0.65,0.64,0.53,0.55,0.71
555,"новый","word","descriptive_words (adjectives)",0.02,0.02,0.07,0.12,0.18,0.18,0.33,0.39,0.37,0.43,0.57,0.66,0.62,0.66,0.64,0.75,0.81,0.81,0.84
556,"плохой","word","descriptive_words (adjectives)",0.07,0.07,0.16,0.16,0.22,0.48,0.46,0.61,0.62,0.57,0.78,0.86,0.84,0.84,0.87,0.93,0.9,0.91,0.94
557,"полный","word","descriptive_words (adjectives)",0,0.05,0.02,0.12,0.04,0.09,0.07,0.11,0.12,0.27,0.17,0.21,0.25,0.34,0.31,0.47,0.31,0.43,0.39
558,"похожий","word","descriptive_words (adjectives)",0,0,0.02,0.05,0.04,0,0.07,0.09,0.06,0.2,0.17,0.22,0.26,0.34,0.33,0.27,0.34,0.49,0.45
559,"пустой","word","descriptive_words (adjectives)",0.02,0.07,0.09,0.14,0.2,0.23,0.21,0.26,0.19,0.37,0.55,0.5,0.53,0.59,0.64,0.67,0.72,0.7,0.76
560,"сильный","word","descriptive_words (adjectives)",0,0,0.02,0.19,0.12,0.2,0.18,0.27,0.27,0.42,0.55,0.47,0.52,0.61,0.64,0.6,0.67,0.72,0.76
561,"сладкий","word","descriptive_words (adjectives)",0,0.05,0.09,0.16,0.31,0.36,0.43,0.48,0.37,0.5,0.63,0.76,0.7,0.8,0.85,0.85,0.86,0.81,0.86
562,"сломанный","word","descriptive_words (adjectives)",0,0.05,0.09,0.12,0.18,0.3,0.21,0.35,0.31,0.47,0.57,0.55,0.62,0.75,0.76,0.73,0.76,0.81,0.8
563,"соленый","word","descriptive_words (adjectives)",0,0.02,0.04,0.09,0.18,0.21,0.31,0.29,0.31,0.42,0.53,0.69,0.51,0.62,0.78,0.69,0.76,0.74,0.78
564,"старый","word","descriptive_words (adjectives)",0,0,0,0.07,0.06,0.07,0.11,0.2,0.13,0.33,0.32,0.5,0.35,0.44,0.62,0.58,0.55,0.64,0.73
565,"страшный","word","descriptive_words (adjectives)",0.02,0.02,0.02,0.14,0.14,0.14,0.26,0.27,0.29,0.4,0.5,0.53,0.57,0.66,0.76,0.78,0.78,0.77,0.82
566,"сухой","word","descriptive_words (adjectives)",0,0,0.07,0.19,0.18,0.36,0.3,0.39,0.35,0.43,0.53,0.59,0.55,0.56,0.65,0.73,0.74,0.64,0.78
567,"теплый","word","descriptive_words (adjectives)",0.05,0.07,0.11,0.28,0.25,0.39,0.36,0.36,0.46,0.57,0.67,0.67,0.62,0.79,0.76,0.76,0.81,0.81,0.84
568,"тихий","word","descriptive_words (adjectives)",0,0.02,0.04,0.14,0.08,0.05,0.13,0.17,0.21,0.32,0.25,0.38,0.35,0.46,0.42,0.45,0.48,0.53,0.61
569,"толстый","word","descriptive_words (adjectives)",0,0,0,0.07,0.04,0.07,0.1,0.11,0.13,0.27,0.28,0.31,0.32,0.36,0.53,0.47,0.5,0.53,0.59
570,"тяжелый","word","descriptive_words (adjectives)",0.05,0.05,0.02,0.19,0.2,0.29,0.25,0.3,0.29,0.47,0.58,0.64,0.69,0.72,0.73,0.78,0.76,0.7,0.69
571,"умный","word","descriptive_words (adjectives)",0,0,0.02,0.07,0.02,0.09,0.1,0.2,0.12,0.25,0.3,0.36,0.25,0.31,0.4,0.51,0.4,0.47,0.57
572,"холодный","word","descriptive_words (adjectives)",0.05,0.12,0.11,0.28,0.37,0.38,0.48,0.45,0.54,0.58,0.68,0.81,0.75,0.77,0.8,0.85,0.88,0.83,0.9
573,"хороший","word","descriptive_words (adjectives)",0.07,0.02,0.09,0.26,0.25,0.3,0.43,0.47,0.48,0.5,0.68,0.81,0.73,0.74,0.85,0.89,0.83,0.87,0.88
574,"чистый","word","descriptive_words (adjectives)",0,0.07,0.11,0.21,0.22,0.38,0.41,0.47,0.38,0.52,0.57,0.66,0.68,0.7,0.75,0.73,0.84,0.89,0.86
575,"белый","word","descriptive_words (adjectives)",0.02,0.07,0.18,0.28,0.24,0.48,0.33,0.42,0.56,0.5,0.6,0.72,0.6,0.74,0.8,0.76,0.86,0.89,0.88
576,"желтый","word","descriptive_words (adjectives)",0,0.1,0.18,0.35,0.24,0.5,0.43,0.52,0.52,0.58,0.63,0.81,0.68,0.77,0.73,0.85,0.83,0.85,0.96
577,"зеленый","word","descriptive_words (adjectives)",0.02,0.07,0.16,0.35,0.2,0.45,0.46,0.52,0.54,0.6,0.67,0.81,0.66,0.82,0.8,0.87,0.83,0.83,0.96
578,"коричневый","word","descriptive_words (adjectives)",0,0,0.04,0.09,0.04,0.12,0.16,0.11,0.1,0.25,0.3,0.31,0.25,0.44,0.42,0.47,0.48,0.49,0.67
579,"красный","word","descriptive_words (adjectives)",0.07,0.22,0.27,0.42,0.43,0.68,0.52,0.61,0.67,0.62,0.72,0.83,0.74,0.89,0.89,0.85,0.84,0.94,0.96
580,"оранжевый","word","descriptive_words (adjectives)",0,0,0.04,0.19,0.04,0.12,0.13,0.12,0.15,0.23,0.28,0.34,0.32,0.43,0.4,0.53,0.45,0.51,0.65
581,"синий","word","descriptive_words (adjectives)",0.07,0.22,0.24,0.35,0.25,0.62,0.49,0.62,0.63,0.58,0.67,0.86,0.65,0.82,0.82,0.84,0.9,0.89,0.9
582,"черный","word","descriptive_words (adjectives)",0,0.02,0.09,0.23,0.18,0.34,0.33,0.3,0.37,0.43,0.57,0.62,0.57,0.69,0.75,0.76,0.79,0.85,0.88
583,"больно","word","descriptive_words (adverbs)",0.21,0.27,0.4,0.4,0.45,0.46,0.59,0.39,0.25,0.48,0.55,0.57,0.6,0.62,0.53,0.49,0.5,0.55,0.73
584,"быстро","word","descriptive_words (adverbs)",0.05,0.15,0.16,0.3,0.24,0.36,0.38,0.58,0.65,0.63,0.78,0.78,0.68,0.84,0.75,0.75,0.81,0.89,0.84
585,"весело","word","descriptive_words (adverbs)",0,0,0.02,0.09,0,0.14,0.16,0.26,0.25,0.38,0.38,0.36,0.32,0.44,0.58,0.64,0.53,0.55,0.59
586,"вкусно","word","descriptive_words (adverbs)",0.02,0.05,0.07,0.23,0.2,0.25,0.33,0.39,0.29,0.47,0.6,0.66,0.58,0.72,0.6,0.76,0.69,0.81,0.86
587,"вместе","word","descriptive_words (adverbs)",0,0.02,0.07,0.16,0.27,0.36,0.36,0.55,0.5,0.47,0.67,0.69,0.74,0.77,0.71,0.76,0.76,0.79,0.86
588,"горько","word","descriptive_words (adverbs)",0.07,0.02,0.02,0.16,0.14,0.25,0.21,0.38,0.37,0.43,0.55,0.59,0.53,0.62,0.58,0.67,0.72,0.68,0.8
589,"горячо","word","descriptive_words (adverbs)",0.07,0.15,0.16,0.21,0.39,0.48,0.49,0.56,0.46,0.52,0.48,0.72,0.73,0.77,0.71,0.78,0.69,0.79,0.88
590,"громко","word","descriptive_words (adverbs)",0.05,0.1,0.16,0.28,0.18,0.43,0.38,0.61,0.54,0.48,0.72,0.71,0.73,0.82,0.82,0.76,0.74,0.91,0.86
591,"грязно","word","descriptive_words (adverbs)",0.02,0.1,0.11,0.26,0.16,0.34,0.46,0.48,0.44,0.52,0.62,0.71,0.68,0.69,0.76,0.76,0.78,0.81,0.86
592,"кисло","word","descriptive_words (adverbs)",0.02,0.02,0.07,0.16,0.14,0.2,0.26,0.36,0.37,0.35,0.48,0.6,0.51,0.51,0.6,0.55,0.62,0.64,0.69
593,"красиво","word","descriptive_words (adverbs)",0.02,0.07,0.09,0.19,0.27,0.25,0.28,0.35,0.25,0.4,0.5,0.57,0.61,0.62,0.6,0.69,0.69,0.77,0.8
594,"мокро","word","descriptive_words (adverbs)",0.07,0.15,0.22,0.28,0.31,0.55,0.41,0.56,0.4,0.5,0.72,0.72,0.77,0.77,0.8,0.8,0.83,0.83,0.88
595,"мягко","word","descriptive_words (adverbs)",0.02,0.07,0.09,0.21,0.2,0.21,0.23,0.39,0.37,0.48,0.52,0.6,0.6,0.56,0.65,0.58,0.66,0.62,0.65
596,"никак","word","descriptive_words (adverbs)",0.02,0.02,0.11,0.14,0.08,0.18,0.31,0.26,0.17,0.43,0.4,0.5,0.44,0.59,0.45,0.53,0.57,0.53,0.59
597,"опять","word","descriptive_words (adverbs)",0.02,0.07,0.07,0.19,0.2,0.2,0.31,0.47,0.38,0.43,0.5,0.52,0.45,0.52,0.56,0.65,0.67,0.74,0.63
598,"осторожно","word","descriptive_words (adverbs)",0.07,0.02,0.04,0.16,0.04,0.14,0.16,0.24,0.35,0.38,0.38,0.47,0.4,0.49,0.49,0.56,0.62,0.62,0.67
599,"плохо","word","descriptive_words (adverbs)",0,0.1,0.09,0.16,0.14,0.2,0.3,0.27,0.25,0.4,0.5,0.48,0.6,0.57,0.62,0.71,0.66,0.72,0.8
600,"сильно","word","descriptive_words (adverbs)",0.02,0.02,0.04,0.16,0.12,0.23,0.23,0.36,0.38,0.38,0.43,0.6,0.66,0.59,0.58,0.64,0.69,0.77,0.76
601,"сладко","word","descriptive_words (adverbs)",0,0.02,0.07,0.09,0.14,0.21,0.2,0.29,0.29,0.37,0.52,0.59,0.56,0.62,0.64,0.64,0.67,0.72,0.73
602,"совсем","word","descriptive_words (adverbs)",0,0.05,0.02,0.07,0.1,0.12,0.21,0.21,0.25,0.35,0.28,0.31,0.43,0.48,0.49,0.56,0.57,0.55,0.59
603,"сухо","word","descriptive_words (adverbs)",0,0.05,0.09,0.09,0.08,0.11,0.18,0.24,0.12,0.32,0.33,0.5,0.47,0.46,0.55,0.56,0.5,0.6,0.57
604,"темно","word","descriptive_words (adverbs)",0.02,0.05,0.07,0.19,0.31,0.36,0.38,0.39,0.4,0.52,0.53,0.6,0.61,0.69,0.75,0.76,0.78,0.77,0.88
605,"тепло","word","descriptive_words (adverbs)",0,0.1,0.07,0.23,0.18,0.29,0.26,0.44,0.48,0.57,0.58,0.71,0.62,0.69,0.73,0.82,0.81,0.87,0.84
606,"тихо/тише","word","descriptive_words (adverbs)",0.02,0.02,0.07,0.16,0.18,0.25,0.28,0.39,0.44,0.52,0.62,0.66,0.66,0.74,0.78,0.73,0.69,0.85,0.86
607,"тяжело","word","descriptive_words (adverbs)",0,0.02,0.04,0.16,0.18,0.21,0.3,0.35,0.33,0.45,0.52,0.59,0.68,0.67,0.69,0.71,0.72,0.79,0.78
608,"холодно","word","descriptive_words (adverbs)",0.05,0.02,0.07,0.23,0.16,0.32,0.36,0.47,0.37,0.48,0.67,0.72,0.66,0.72,0.73,0.8,0.83,0.83,0.84
609,"хорошо","word","descriptive_words (adverbs)",0,0.02,0.07,0.19,0.1,0.29,0.39,0.41,0.44,0.52,0.62,0.78,0.69,0.72,0.73,0.84,0.84,0.87,0.82
610,"чисто","word","descriptive_words (adverbs)",0.02,0.05,0.04,0.14,0.22,0.2,0.33,0.42,0.37,0.42,0.55,0.67,0.64,0.67,0.67,0.73,0.72,0.83,0.82
611,"вечер","word","time_words",0,0,0.02,0.07,0.06,0.09,0.15,0.14,0.23,0.33,0.37,0.34,0.44,0.54,0.56,0.58,0.52,0.53,0.61
612,"день","word","time_words",0,0.02,0.07,0.19,0.2,0.21,0.25,0.18,0.31,0.33,0.37,0.41,0.48,0.57,0.65,0.62,0.55,0.62,0.67
613,"ночь","word","time_words",0.05,0.1,0.09,0.23,0.25,0.36,0.48,0.32,0.44,0.5,0.53,0.57,0.61,0.7,0.75,0.73,0.62,0.7,0.84
614,"утро","word","time_words",0,0,0.04,0.14,0.12,0.14,0.26,0.17,0.21,0.32,0.37,0.36,0.48,0.61,0.64,0.67,0.5,0.7,0.76
615,"вечером","word","time_words",0,0,0,0.05,0.08,0.07,0.1,0.08,0.17,0.32,0.27,0.24,0.36,0.49,0.47,0.53,0.47,0.53,0.53
616,"днем","word","time_words",0,0,0,0.09,0.04,0.02,0.08,0.08,0.08,0.28,0.25,0.21,0.29,0.38,0.36,0.49,0.41,0.51,0.55
617,"ночью","word","time_words",0,0,0,0.09,0.04,0.09,0.13,0.12,0.13,0.25,0.32,0.28,0.35,0.51,0.49,0.56,0.59,0.55,0.59
618,"утром","word","time_words",0,0.02,0,0.09,0.02,0.07,0.11,0.11,0.13,0.28,0.25,0.28,0.42,0.49,0.44,0.56,0.48,0.57,0.57
619,"вчера","word","time_words",0,0.02,0,0.07,0,0.05,0.1,0.06,0.13,0.25,0.27,0.24,0.36,0.44,0.47,0.55,0.5,0.55,0.51
620,"сегодня","word","time_words",0,0,0.02,0.09,0.02,0.04,0.16,0.15,0.12,0.3,0.25,0.4,0.4,0.46,0.55,0.58,0.57,0.64,0.59
621,"завтра","word","time_words",0.02,0.02,0.04,0.16,0.1,0.05,0.11,0.29,0.19,0.3,0.37,0.41,0.55,0.49,0.49,0.73,0.59,0.66,0.67
622,"потом","word","time_words",0,0.07,0.16,0.19,0.24,0.21,0.36,0.38,0.42,0.47,0.52,0.66,0.7,0.69,0.75,0.69,0.78,0.77,0.84
623,"сейчас","word","time_words",0.05,0.07,0.04,0.26,0.14,0.16,0.28,0.29,0.29,0.43,0.45,0.64,0.68,0.61,0.65,0.73,0.72,0.7,0.76
624,"поздно","word","time_words",0,0.02,0.04,0.12,0,0.12,0.1,0.12,0.17,0.18,0.27,0.21,0.42,0.41,0.6,0.44,0.5,0.53,0.49
625,"рано","word","time_words",0,0.02,0.02,0.12,0.1,0.16,0.15,0.08,0.15,0.27,0.3,0.28,0.39,0.36,0.47,0.49,0.45,0.49,0.57
626,"скоро","word","time_words",0,0.02,0.02,0.12,0.12,0.11,0.23,0.18,0.25,0.33,0.4,0.5,0.47,0.57,0.56,0.64,0.64,0.66,0.8
627,"я","word","pronouns",0.26,0.32,0.53,0.42,0.53,0.62,0.64,0.76,0.6,0.75,0.78,0.86,0.87,0.93,0.87,0.95,0.95,0.96,0.98
628,"ты","word","pronouns",0.1,0.24,0.22,0.19,0.31,0.38,0.46,0.45,0.38,0.55,0.68,0.74,0.73,0.89,0.82,0.89,0.88,0.89,0.92
629,"мы","word","pronouns",0.02,0.02,0.04,0.14,0.14,0.11,0.21,0.29,0.21,0.37,0.5,0.59,0.56,0.67,0.73,0.75,0.76,0.68,0.78
630,"вы","word","pronouns",0,0.02,0,0,0,0,0.05,0.03,0.08,0.2,0.23,0.28,0.25,0.3,0.31,0.38,0.4,0.36,0.45
631,"он","word","pronouns",0.02,0.02,0.11,0.16,0.14,0.14,0.28,0.38,0.29,0.45,0.47,0.47,0.58,0.77,0.75,0.91,0.79,0.72,0.88
632,"она","word","pronouns",0,0,0.11,0.14,0.16,0.16,0.3,0.38,0.25,0.42,0.43,0.45,0.61,0.67,0.71,0.84,0.72,0.66,0.9
633,"они","word","pronouns",0,0,0.07,0.05,0.02,0.05,0.07,0.18,0.13,0.25,0.33,0.31,0.38,0.56,0.6,0.65,0.53,0.6,0.71
634,"меня","word","pronouns",0.05,0.05,0.09,0.12,0.16,0.18,0.23,0.36,0.29,0.55,0.52,0.59,0.55,0.69,0.69,0.82,0.84,0.87,0.78
635,"тебя","word","pronouns",0,0.05,0.07,0.07,0.08,0.16,0.2,0.24,0.31,0.42,0.48,0.55,0.52,0.72,0.69,0.78,0.78,0.72,0.76
636,"нас","word","pronouns",0,0,0.04,0,0,0.02,0.08,0.05,0.1,0.23,0.27,0.34,0.31,0.43,0.42,0.51,0.38,0.47,0.55
637,"вас","word","pronouns",0,0,0,0,0.02,0,0.02,0.02,0.04,0.12,0.17,0.17,0.22,0.26,0.25,0.29,0.26,0.32,0.39
638,"его","word","pronouns",0,0,0.07,0.05,0.04,0.09,0.08,0.11,0.19,0.22,0.27,0.22,0.38,0.51,0.47,0.67,0.62,0.6,0.61
639,"ее (genitive)","word","pronouns",0,0,0.04,0.09,0.06,0.07,0.11,0.12,0.13,0.22,0.23,0.21,0.35,0.49,0.44,0.65,0.59,0.6,0.63
640,"их (genitive)","word","pronouns",0,0,0.04,0,0.04,0.05,0.05,0.08,0.02,0.15,0.15,0.24,0.26,0.36,0.29,0.45,0.38,0.34,0.49
641,"мне","word","pronouns",0.05,0.15,0.29,0.16,0.27,0.45,0.49,0.67,0.48,0.67,0.72,0.83,0.77,0.84,0.78,0.91,0.9,0.87,0.9
642,"тебе","word","pronouns",0,0,0.07,0.12,0.16,0.21,0.28,0.41,0.29,0.42,0.6,0.66,0.6,0.79,0.71,0.82,0.76,0.83,0.82
643,"нам","word","pronouns",0,0,0.07,0.02,0.02,0.04,0.07,0.11,0.15,0.28,0.33,0.36,0.4,0.54,0.49,0.6,0.52,0.57,0.63
644,"вам","word","pronouns",0,0,0.02,0,0,0,0.03,0.02,0.08,0.13,0.15,0.24,0.22,0.31,0.25,0.29,0.34,0.3,0.41
645,"ему","word","pronouns",0,0,0.07,0.07,0.02,0.07,0.11,0.15,0.19,0.23,0.27,0.33,0.4,0.52,0.47,0.65,0.67,0.64,0.67
646,"ей","word","pronouns",0,0,0.04,0.05,0.04,0.09,0.08,0.12,0.15,0.22,0.22,0.36,0.32,0.51,0.36,0.58,0.62,0.55,0.65
647,"им","word","pronouns",0.02,0,0.02,0,0.02,0.02,0.02,0.02,0.06,0.12,0.17,0.21,0.21,0.31,0.36,0.44,0.34,0.38,0.45
648,"мой/моя","word","pronouns",0.12,0.27,0.4,0.35,0.49,0.7,0.72,0.77,0.79,0.87,0.8,0.9,0.94,0.9,0.91,0.93,0.97,0.91,0.98
649,"твой","word","pronouns",0,0.05,0.07,0.14,0.06,0.18,0.26,0.27,0.27,0.38,0.6,0.57,0.58,0.72,0.6,0.76,0.83,0.83,0.88
650,"наш","word","pronouns",0,0.02,0.04,0.02,0.08,0.16,0.1,0.29,0.19,0.32,0.43,0.48,0.51,0.62,0.58,0.65,0.66,0.64,0.73
651,"ваш","word","pronouns",0.02,0,0.02,0,0,0,0.02,0.03,0.04,0.15,0.17,0.24,0.19,0.26,0.29,0.38,0.31,0.3,0.41
652,"его","word","pronouns",0,0,0.07,0.05,0.06,0.07,0.13,0.14,0.15,0.22,0.25,0.31,0.38,0.49,0.45,0.64,0.6,0.51,0.63
653,"ее (possessive)","word","pronouns",0.02,0,0.04,0.02,0.08,0.07,0.15,0.12,0.13,0.18,0.23,0.26,0.3,0.46,0.42,0.56,0.57,0.53,0.69
654,"их (possessive)","word","pronouns",0,0,0.02,0,0.02,0.02,0.05,0.05,0.06,0.15,0.15,0.21,0.25,0.28,0.25,0.4,0.29,0.3,0.47
655,"такой/такой же/такая","word","pronouns",0,0,0.04,0.09,0.08,0.09,0.15,0.21,0.21,0.3,0.47,0.48,0.47,0.52,0.51,0.53,0.66,0.47,0.63
656,"тот/та/те","word","pronouns",0.02,0.02,0.09,0.14,0.12,0.25,0.15,0.26,0.23,0.23,0.4,0.45,0.39,0.43,0.4,0.49,0.45,0.4,0.57
657,"это/этот/эти","word","pronouns",0.05,0.17,0.16,0.23,0.24,0.29,0.33,0.44,0.33,0.5,0.65,0.64,0.71,0.74,0.67,0.78,0.83,0.81,0.78
658,"сам/сама","word","pronouns",0.19,0.2,0.29,0.4,0.47,0.61,0.61,0.76,0.71,0.82,0.85,0.9,0.92,0.92,0.93,0.96,0.93,0.94,0.96
659,"где?","word","question_words",0.07,0.24,0.44,0.4,0.47,0.59,0.64,0.71,0.63,0.7,0.77,0.84,0.88,0.95,0.93,0.98,0.9,0.89,1
660,"зачем?","word","question_words",0,0.02,0.04,0.05,0.08,0.07,0.15,0.17,0.12,0.2,0.38,0.41,0.45,0.52,0.55,0.65,0.66,0.57,0.8
661,"как?","word","question_words",0.05,0.1,0.13,0.19,0.24,0.23,0.26,0.3,0.23,0.35,0.48,0.67,0.57,0.74,0.62,0.67,0.76,0.74,0.82
662,"какой?","word","question_words",0,0,0.02,0.12,0.1,0.07,0.16,0.32,0.27,0.43,0.5,0.57,0.56,0.77,0.65,0.78,0.81,0.7,0.88
663,"когда?","word","question_words",0,0.02,0.02,0.07,0.06,0.05,0.15,0.21,0.19,0.27,0.35,0.48,0.47,0.67,0.47,0.71,0.72,0.7,0.76
664,"кто?","word","question_words",0.07,0.12,0.2,0.21,0.16,0.29,0.36,0.47,0.4,0.52,0.65,0.74,0.74,0.77,0.76,0.85,0.86,0.81,0.94
665,"куда?","word","question_words",0,0.1,0.13,0.12,0.18,0.23,0.3,0.39,0.25,0.5,0.52,0.69,0.61,0.75,0.73,0.85,0.88,0.77,0.9
666,"почему?","word","question_words",0,0.02,0.07,0.05,0.08,0.09,0.08,0.11,0.13,0.3,0.32,0.33,0.4,0.66,0.58,0.71,0.69,0.66,0.82
667,"сколько?","word","question_words",0,0.02,0,0.02,0.04,0.12,0.13,0.21,0.13,0.18,0.38,0.38,0.38,0.46,0.49,0.64,0.6,0.49,0.69
668,"чей?","word","question_words",0,0,0.04,0.09,0.04,0.07,0.15,0.18,0.19,0.3,0.3,0.47,0.45,0.51,0.51,0.69,0.71,0.57,0.71
669,"что?","word","question_words",0,0.05,0.09,0.23,0.2,0.21,0.3,0.35,0.35,0.5,0.6,0.67,0.65,0.79,0.69,0.82,0.78,0.81,0.88
670,"в (напр. в магазин; в доме)","word","locations",0.02,0.05,0.13,0.28,0.33,0.38,0.43,0.45,0.5,0.53,0.7,0.71,0.78,0.85,0.78,0.89,0.9,0.87,0.92
671,"за (напр. за папой)","word","locations",0,0,0.07,0.14,0.16,0.12,0.21,0.27,0.27,0.38,0.47,0.52,0.47,0.64,0.64,0.76,0.76,0.77,0.78
672,"из (напр. из чашки)","word","locations",0,0.05,0.07,0.16,0.12,0.07,0.18,0.24,0.27,0.37,0.47,0.5,0.56,0.57,0.56,0.65,0.69,0.68,0.76
673,"к (напр. к маме)","word","locations",0.07,0.07,0.11,0.23,0.35,0.46,0.41,0.48,0.54,0.6,0.68,0.79,0.78,0.79,0.82,0.85,0.88,0.91,0.96
674,"на (напр. на столе)","word","locations",0.05,0.07,0.13,0.28,0.39,0.38,0.46,0.5,0.42,0.53,0.7,0.74,0.74,0.87,0.85,0.89,0.88,0.83,0.96
675,"перед (напр. перед домом)","word","locations",0,0,0.02,0,0,0,0.05,0.03,0.08,0.17,0.13,0.12,0.14,0.2,0.22,0.38,0.28,0.34,0.37
676,"по (напр. по столу)","word","locations",0,0.02,0.02,0.14,0.06,0.11,0.15,0.2,0.17,0.35,0.33,0.38,0.44,0.43,0.51,0.67,0.6,0.51,0.59
677,"вверх/вверху","word","locations",0.02,0.02,0.07,0.16,0.06,0.2,0.3,0.3,0.31,0.33,0.35,0.41,0.43,0.61,0.55,0.6,0.59,0.57,0.69
678,"наверх/наверху","word","locations",0.02,0,0.02,0.19,0.04,0.07,0.21,0.23,0.23,0.32,0.33,0.41,0.43,0.51,0.49,0.6,0.62,0.53,0.71
679,"вниз/внизу","word","locations",0,0.02,0.09,0.23,0.02,0.2,0.34,0.3,0.31,0.27,0.37,0.48,0.53,0.56,0.62,0.62,0.74,0.64,0.8
680,"вон","word","locations",0.05,0.12,0.16,0.26,0.29,0.32,0.34,0.45,0.38,0.5,0.53,0.59,0.58,0.66,0.58,0.76,0.71,0.6,0.57
681,"вот","word","locations",0.1,0.2,0.24,0.35,0.25,0.43,0.52,0.44,0.46,0.62,0.77,0.81,0.71,0.7,0.76,0.78,0.79,0.83,0.78
682,"вперед/впереди","word","locations",0,0,0.04,0.09,0.06,0.09,0.1,0.14,0.21,0.2,0.27,0.33,0.35,0.51,0.45,0.45,0.48,0.51,0.63
683,"высоко","word","locations",0,0,0.04,0.16,0.12,0.34,0.31,0.41,0.4,0.47,0.5,0.59,0.65,0.74,0.67,0.8,0.74,0.77,0.84
684,"назад","word","locations",0,0,0.11,0.07,0.1,0.09,0.13,0.11,0.15,0.23,0.38,0.31,0.44,0.57,0.47,0.53,0.57,0.62,0.69
685,"низко","word","locations",0,0.02,0.04,0.14,0.02,0.07,0.15,0.12,0.1,0.22,0.23,0.26,0.32,0.44,0.45,0.49,0.43,0.45,0.57
686,"отсюда","word","locations",0,0,0.04,0.05,0.04,0.05,0.1,0.12,0.17,0.23,0.2,0.28,0.34,0.36,0.31,0.45,0.5,0.51,0.53
687,"оттуда","word","locations",0,0,0.04,0.02,0.04,0.04,0.07,0.12,0.06,0.15,0.13,0.22,0.22,0.3,0.33,0.36,0.33,0.32,0.31
688,"рядом","word","locations",0,0,0.04,0.12,0.08,0.05,0.16,0.15,0.21,0.3,0.38,0.38,0.47,0.48,0.53,0.58,0.59,0.64,0.76
689,"сюда","word","locations",0.02,0.1,0.13,0.23,0.2,0.25,0.34,0.39,0.42,0.43,0.48,0.6,0.66,0.7,0.69,0.67,0.64,0.79,0.69
690,"там","word","locations",0.21,0.27,0.38,0.51,0.55,0.66,0.59,0.77,0.67,0.63,0.82,0.86,0.83,0.89,0.84,0.91,0.9,0.87,0.86
691,"под (напр. по стулом)","word","locations",0,0,0.02,0.14,0.14,0.11,0.25,0.27,0.29,0.33,0.4,0.41,0.51,0.66,0.58,0.67,0.78,0.62,0.76
692,"у (напр. у Ани)","word","locations",0.02,0.05,0.07,0.23,0.2,0.34,0.38,0.35,0.48,0.53,0.55,0.66,0.71,0.75,0.71,0.82,0.84,0.77,0.94
693,"близко/ближе","word","locations",0,0,0.02,0.05,0.02,0.02,0.07,0.08,0.1,0.22,0.18,0.22,0.3,0.31,0.36,0.42,0.34,0.4,0.49
694,"далеко","word","locations",0,0,0.04,0.12,0.14,0.14,0.25,0.33,0.29,0.28,0.45,0.53,0.55,0.69,0.55,0.64,0.6,0.72,0.78
695,"домой","word","locations",0.07,0.2,0.16,0.44,0.51,0.54,0.62,0.68,0.69,0.72,0.8,0.9,0.9,0.93,0.85,0.85,0.9,0.91,1
696,"здесь","word","locations",0.05,0.1,0.16,0.3,0.29,0.27,0.34,0.44,0.54,0.47,0.6,0.59,0.68,0.69,0.67,0.73,0.72,0.83,0.88
697,"туда","word","locations",0.05,0.2,0.16,0.28,0.35,0.46,0.38,0.59,0.48,0.52,0.62,0.72,0.79,0.85,0.75,0.75,0.79,0.83,0.8
698,"тут","word","locations",0.02,0.17,0.16,0.28,0.33,0.38,0.41,0.48,0.42,0.55,0.57,0.79,0.66,0.7,0.69,0.76,0.74,0.83,0.84
699,"все","word","quantifiers",0,0.07,0.09,0.19,0.24,0.2,0.41,0.38,0.37,0.4,0.52,0.5,0.53,0.57,0.67,0.73,0.67,0.64,0.63
700,"всё (в знач. нет кончилось)","word","quantifiers",0.14,0.24,0.49,0.44,0.61,0.57,0.61,0.64,0.63,0.7,0.63,0.71,0.74,0.82,0.73,0.82,0.78,0.85,0.82
701,"еще","word","quantifiers",0.17,0.24,0.44,0.51,0.65,0.62,0.82,0.86,0.79,0.78,0.83,0.88,0.9,0.92,0.87,0.91,0.93,0.89,0.94
702,"другой","word","quantifiers",0.02,0.1,0.09,0.28,0.29,0.32,0.38,0.38,0.48,0.42,0.65,0.69,0.68,0.57,0.71,0.73,0.69,0.7,0.78
703,"мало","word","quantifiers",0.05,0,0.13,0.23,0.25,0.32,0.36,0.41,0.46,0.38,0.62,0.6,0.65,0.72,0.76,0.71,0.76,0.81,0.86
704,"много","word","quantifiers",0.02,0.07,0.09,0.35,0.27,0.45,0.49,0.58,0.58,0.55,0.75,0.79,0.71,0.87,0.84,0.84,0.83,0.87,0.94
705,"несколько","word","quantifiers",0,0,0,0.02,0,0,0,0.02,0.06,0.1,0.07,0.07,0.09,0.2,0.15,0.18,0.16,0.21,0.24
706,"нет (amount)","word","quantifiers",0.14,0.39,0.4,0.49,0.59,0.7,0.75,0.77,0.77,0.8,0.83,0.84,0.91,0.92,0.87,0.91,0.9,0.83,0.92
707,"хватит","word","quantifiers",0,0.05,0.04,0.16,0.25,0.16,0.3,0.29,0.48,0.47,0.58,0.5,0.58,0.64,0.64,0.71,0.72,0.79,0.86
708,"чуть-чуть","word","quantifiers",0.02,0.17,0.18,0.3,0.39,0.36,0.38,0.55,0.52,0.45,0.58,0.64,0.66,0.72,0.75,0.73,0.72,0.74,0.88
709,"один","word","quantifiers",0.12,0.17,0.27,0.44,0.53,0.62,0.64,0.73,0.67,0.63,0.78,0.84,0.82,0.87,0.91,0.89,0.95,0.89,0.94
710,"два","word","quantifiers",0.02,0.07,0.18,0.37,0.31,0.5,0.52,0.68,0.63,0.65,0.77,0.81,0.77,0.87,0.89,0.87,0.9,0.85,0.94
711,"три","word","quantifiers",0,0.02,0.11,0.26,0.1,0.38,0.31,0.36,0.4,0.45,0.55,0.53,0.56,0.69,0.75,0.75,0.84,0.72,0.88
712,"четыре","word","quantifiers",0,0,0.07,0.21,0.1,0.29,0.23,0.32,0.35,0.35,0.5,0.4,0.44,0.62,0.67,0.67,0.71,0.55,0.8
713,"пять","word","quantifiers",0,0.02,0.13,0.21,0.14,0.36,0.28,0.41,0.37,0.45,0.47,0.48,0.52,0.59,0.69,0.64,0.78,0.66,0.76
714,"а","word","connecting_words",0,0,0.07,0.02,0.12,0.11,0.16,0.3,0.29,0.33,0.38,0.48,0.57,0.57,0.73,0.62,0.64,0.62,0.73
715,"где","word","connecting_words",0,0.02,0.02,0.12,0.1,0.14,0.13,0.21,0.15,0.23,0.38,0.33,0.52,0.54,0.67,0.64,0.5,0.68,0.73
716,"если","word","connecting_words",0,0,0,0,0.04,0,0.08,0.06,0.06,0.08,0.12,0.22,0.22,0.3,0.35,0.42,0.33,0.38,0.35
717,"и","word","connecting_words",0,0.05,0.13,0.21,0.22,0.32,0.34,0.45,0.48,0.47,0.58,0.66,0.74,0.77,0.78,0.84,0.83,0.79,0.88
718,"или","word","connecting_words",0,0,0,0,0,0.02,0.07,0.08,0.13,0.28,0.18,0.19,0.23,0.33,0.45,0.42,0.48,0.45,0.63
719,"как","word","connecting_words",0,0,0.02,0.19,0.08,0.14,0.2,0.18,0.19,0.33,0.5,0.45,0.45,0.49,0.71,0.55,0.5,0.57,0.71
720,"какой","word","connecting_words",0.02,0.02,0.04,0.12,0.14,0.12,0.21,0.23,0.25,0.37,0.43,0.6,0.52,0.54,0.69,0.69,0.69,0.64,0.78
721,"когда","word","connecting_words",0,0,0,0.09,0.08,0.04,0.16,0.17,0.17,0.3,0.37,0.52,0.48,0.61,0.64,0.62,0.53,0.57,0.69
722,"который","word","connecting_words",0,0,0,0.02,0.02,0.04,0.08,0.11,0.19,0.18,0.18,0.24,0.3,0.43,0.47,0.45,0.48,0.4,0.55
723,"но","word","connecting_words",0,0,0,0.02,0,0.02,0.05,0.06,0.04,0.12,0.1,0.14,0.16,0.2,0.22,0.31,0.22,0.3,0.53
724,"потому что","word","connecting_words",0,0,0,0.02,0.06,0.09,0.11,0.17,0.17,0.27,0.28,0.4,0.47,0.61,0.56,0.67,0.55,0.57,0.76
725,"тоже","word","connecting_words",0,0,0.04,0.07,0.24,0.23,0.39,0.38,0.37,0.37,0.45,0.59,0.62,0.75,0.71,0.75,0.81,0.79,0.88
726,"что","word","connecting_words",0,0,0.02,0.05,0.04,0.05,0.08,0.08,0.08,0.2,0.18,0.22,0.29,0.31,0.49,0.35,0.4,0.45,0.51
727,"а то","word","connecting_words",0,0,0.02,0.05,0.08,0.04,0.02,0.08,0.1,0.13,0.13,0.29,0.23,0.46,0.42,0.36,0.33,0.51,0.49
728,"чтобы","word","connecting_words",0,0,0.02,0.02,0.06,0.09,0.15,0.09,0.19,0.3,0.3,0.33,0.4,0.51,0.69,0.62,0.53,0.6,0.65
